,date,daily_state_test,precipitation,temperature,total_population,female_percent,area,population_density,latitude,longitude,hospital_beds_ratio,ventilator_capacity_ratio,icu_beds_ratio,houses_density,less_than_high_school_diploma,percent_smokers,percent_diabetes,Religious_congregation_ratio,political_party,airport_distance,passenger_load_ratio,meat_plants,median_household_income,percent_insured,gdp_per_capita,immigrant_student_ratio,weekend,confirmed,death
0,2020-01-22,-0.9798658313145032,-0.9224618087105244,-2.6083392942880965,-1.4551915228366852e-11,0.0,5.684341886080803e-14,-1.1368683772161605e-13,0.0,2.8421709430404014e-14,-8.673617379884035e-19,0.0,2.710505431213761e-20,-1.4210854715202004e-14,0.0,0.0,0.0,-1.4210854715202004e-14,5.551115123125783e-17,2.8421709430404014e-14,4.440892098500626e-16,0.0,1.4551915228366852e-11,-1.4210854715202004e-14,7.105427357601002e-15,3.469446951953614e-18,-0.6278220957736403,0.0,0.0
1,2020-01-23,-0.9798658313145032,0.1600942786468476,-1.9990815681477332,-1.4551915228366852e-11,0.0,5.684341886080803e-14,-1.1368683772161605e-13,0.0,2.8421709430404014e-14,-8.673617379884035e-19,0.0,2.710505431213761e-20,-1.4210854715202004e-14,0.0,0.0,0.0,-1.4210854715202004e-14,5.551115123125783e-17,2.8421709430404014e-14,4.440892098500626e-16,0.0,1.4551915228366852e-11,-1.4210854715202004e-14,7.105427357601002e-15,3.469446951953614e-18,-0.6278220957736403,0.0,0.0
2,2020-01-24,-0.9798658313145032,0.9833632717230236,-1.479330006973635,-1.4551915228366852e-11,0.0,5.684341886080803e-14,-1.1368683772161605e-13,0.0,2.8421709430404014e-14,-8.673617379884035e-19,0.0,2.710505431213761e-20,-1.4210854715202004e-14,0.0,0.0,0.0,-1.4210854715202004e-14,5.551115123125783e-17,2.8421709430404014e-14,4.440892098500626e-16,0.0,1.4551915228366852e-11,-1.4210854715202004e-14,7.105427357601002e-15,3.469446951953614e-18,-0.6278220957736403,0.0,0.0
3,2020-01-25,-0.9798658313145032,-0.4223336830753711,-1.619452481011539,-1.4551915228366852e-11,0.0,5.684341886080803e-14,-1.1368683772161605e-13,0.0,2.8421709430404014e-14,-8.673617379884035e-19,0.0,2.710505431213761e-20,-1.4210854715202004e-14,0.0,0.0,0.0,-1.4210854715202004e-14,5.551115123125783e-17,2.8421709430404014e-14,4.440892098500626e-16,0.0,1.4551915228366852e-11,-1.4210854715202004e-14,7.105427357601002e-15,3.469446951953614e-18,1.5928079096479393,0.0,0.0
4,2020-01-26,-0.9798658313145032,-0.5041135262081933,-1.71252116881362,-1.4551915228366852e-11,0.0,5.684341886080803e-14,-1.1368683772161605e-13,0.0,2.8421709430404014e-14,-8.673617379884035e-19,0.0,2.710505431213761e-20,-1.4210854715202004e-14,0.0,0.0,0.0,-1.4210854715202004e-14,5.551115123125783e-17,2.8421709430404014e-14,4.440892098500626e-16,0.0,1.4551915228366852e-11,-1.4210854715202004e-14,7.105427357601002e-15,3.469446951953614e-18,1.5928079096479393,0.0,0.0
5,2020-01-27,-0.9798658313145032,-0.3855362517218507,-1.4871509098112503,-1.4551915228366852e-11,0.0,5.684341886080803e-14,-1.1368683772161605e-13,0.0,2.8421709430404014e-14,-8.673617379884035e-19,0.0,2.710505431213761e-20,-1.4210854715202004e-14,0.0,0.0,0.0,-1.4210854715202004e-14,5.551115123125783e-17,2.8421709430404014e-14,4.440892098500626e-16,0.0,1.4551915228366852e-11,-1.4210854715202004e-14,7.105427357601002e-15,3.469446951953614e-18,-0.6278220957736403,0.0,0.0
6,2020-01-28,-0.9798658313145032,-0.9305512038209338,-1.5718317666237038,-1.4551915228366852e-11,0.0,5.684341886080803e-14,-1.1368683772161605e-13,0.0,2.8421709430404014e-14,-8.673617379884035e-19,0.0,2.710505431213761e-20,-1.4210854715202004e-14,0.0,0.0,0.0,-1.4210854715202004e-14,5.551115123125783e-17,2.8421709430404014e-14,4.440892098500626e-16,0.0,1.4551915228366852e-11,-1.4210854715202004e-14,7.105427357601002e-15,3.469446951953614e-18,-0.6278220957736403,0.0,0.0
7,2020-01-29,-0.9798658313145032,-0.4617408488341941,-1.5872921962917803,-1.4551915228366852e-11,0.0,5.684341886080803e-14,-1.1368683772161605e-13,0.0,2.8421709430404014e-14,-8.673617379884035e-19,0.0,2.710505431213761e-20,-1.4210854715202004e-14,0.0,0.0,0.0,-1.4210854715202004e-14,5.551115123125783e-17,2.8421709430404014e-14,4.440892098500626e-16,0.0,1.4551915228366852e-11,-1.4210854715202004e-14,7.105427357601002e-15,3.469446951953614e-18,-0.6278220957736403,0.0,0.0
8,2020-01-30,-0.9798658313145032,-0.505033193990534,-1.5906600296918108,-1.4551915228366852e-11,0.0,5.684341886080803e-14,-1.1368683772161605e-13,0.0,2.8421709430404014e-14,-8.673617379884035e-19,0.0,2.710505431213761e-20,-1.4210854715202004e-14,0.0,0.0,0.0,-1.4210854715202004e-14,5.551115123125783e-17,2.8421709430404014e-14,4.440892098500626e-16,0.0,1.4551915228366852e-11,-1.4210854715202004e-14,7.105427357601002e-15,3.469446951953614e-18,-0.6278220957736403,0.0,0.0
9,2020-01-31,-0.9798658313145032,-0.7521763642712589,-1.4893380083171206,-1.4551915228366852e-11,0.0,5.684341886080803e-14,-1.1368683772161605e-13,0.0,2.8421709430404014e-14,-8.673617379884035e-19,0.0,2.710505431213761e-20,-1.4210854715202004e-14,0.0,0.0,0.0,-1.4210854715202004e-14,5.551115123125783e-17,2.8421709430404014e-14,4.440892098500626e-16,0.0,1.4551915228366852e-11,-1.4210854715202004e-14,7.105427357601002e-15,3.469446951953614e-18,-0.6278220957736403,0.0,0.0
10,2020-02-01,-0.9798658313145032,-0.4647135446902663,-1.5281995046207155,-1.4551915228366852e-11,0.0,5.684341886080803e-14,-1.1368683772161605e-13,0.0,2.8421709430404014e-14,-8.673617379884035e-19,0.0,2.710505431213761e-20,-1.4210854715202004e-14,0.0,0.0,0.0,-1.4210854715202004e-14,5.551115123125783e-17,2.8421709430404014e-14,4.440892098500626e-16,0.0,1.4551915228366852e-11,-1.4210854715202004e-14,7.105427357601002e-15,3.469446951953614e-18,1.5928079096479393,0.0,0.0
11,2020-02-02,-0.9798658313145032,-0.8429766765813096,-1.4429087805059857,-1.4551915228366852e-11,0.0,5.684341886080803e-14,-1.1368683772161605e-13,0.0,2.8421709430404014e-14,-8.673617379884035e-19,0.0,2.710505431213761e-20,-1.4210854715202004e-14,0.0,0.0,0.0,-1.4210854715202004e-14,5.551115123125783e-17,2.8421709430404014e-14,4.440892098500626e-16,0.0,1.4551915228366852e-11,-1.4210854715202004e-14,7.105427357601002e-15,3.469446951953614e-18,1.5928079096479393,0.0,0.0
12,2020-02-03,-0.9798658313145032,-0.9538244800322786,-0.8412108831019868,-1.4551915228366852e-11,0.0,5.684341886080803e-14,-1.1368683772161605e-13,0.0,2.8421709430404014e-14,-8.673617379884035e-19,0.0,2.710505431213761e-20,-1.4210854715202004e-14,0.0,0.0,0.0,-1.4210854715202004e-14,5.551115123125783e-17,2.8421709430404014e-14,4.440892098500626e-16,0.0,1.4551915228366852e-11,-1.4210854715202004e-14,7.105427357601002e-15,3.469446951953614e-18,-0.6278220957736403,0.0,0.0
13,2020-02-04,-0.9798658313145032,-0.2454455144715537,-0.4307474818501108,-1.4551915228366852e-11,0.0,5.684341886080803e-14,-1.1368683772161605e-13,0.0,2.8421709430404014e-14,-8.673617379884035e-19,0.0,2.710505431213761e-20,-1.4210854715202004e-14,0.0,0.0,0.0,-1.4210854715202004e-14,5.551115123125783e-17,2.8421709430404014e-14,4.440892098500626e-16,0.0,1.4551915228366852e-11,-1.4210854715202004e-14,7.105427357601002e-15,3.469446951953614e-18,-0.6278220957736403,0.0,0.0
14,2020-02-05,-0.9798658313145032,1.5514436835172147,-0.5115446943716875,-1.4551915228366852e-11,0.0,5.684341886080803e-14,-1.1368683772161605e-13,0.0,2.8421709430404014e-14,-8.673617379884035e-19,0.0,2.710505431213761e-20,-1.4210854715202004e-14,0.0,0.0,0.0,-1.4210854715202004e-14,5.551115123125783e-17,2.8421709430404014e-14,4.440892098500626e-16,0.0,1.4551915228366852e-11,-1.4210854715202004e-14,7.105427357601002e-15,3.469446951953614e-18,-0.6278220957736403,0.0,0.0
15,2020-02-06,-0.9798658313145032,4.528238752132365,-1.0790250448418337,-1.4551915228366852e-11,0.0,5.684341886080803e-14,-1.1368683772161605e-13,0.0,2.8421709430404014e-14,-8.673617379884035e-19,0.0,2.710505431213761e-20,-1.4210854715202004e-14,0.0,0.0,0.0,-1.4210854715202004e-14,5.551115123125783e-17,2.8421709430404014e-14,4.440892098500626e-16,0.0,1.4551915228366852e-11,-1.4210854715202004e-14,7.105427357601002e-15,3.469446951953614e-18,-0.6278220957736403,0.0,0.0
16,2020-02-07,-0.9798658313145032,0.8209269416229178,-1.8087036775021,-1.4551915228366852e-11,0.0,5.684341886080803e-14,-1.1368683772161605e-13,0.0,2.8421709430404014e-14,-8.673617379884035e-19,0.0,2.710505431213761e-20,-1.4210854715202004e-14,0.0,0.0,0.0,-1.4210854715202004e-14,5.551115123125783e-17,2.8421709430404014e-14,4.440892098500626e-16,0.0,1.4551915228366852e-11,-1.4210854715202004e-14,7.105427357601002e-15,3.469446951953614e-18,-0.6278220957736403,0.0,0.0
17,2020-02-08,-0.9798658313145032,-0.8548932549371198,-1.807916573810753,-1.4551915228366852e-11,0.0,5.684341886080803e-14,-1.1368683772161605e-13,0.0,2.8421709430404014e-14,-8.673617379884035e-19,0.0,2.710505431213761e-20,-1.4210854715202004e-14,0.0,0.0,0.0,-1.4210854715202004e-14,5.551115123125783e-17,2.8421709430404014e-14,4.440892098500626e-16,0.0,1.4551915228366852e-11,-1.4210854715202004e-14,7.105427357601002e-15,3.469446951953614e-18,1.5928079096479393,0.0,0.0
18,2020-02-09,-0.9798658313145032,-0.8648660627579609,-1.3160063736602676,-1.4551915228366852e-11,0.0,5.684341886080803e-14,-1.1368683772161605e-13,0.0,2.8421709430404014e-14,-8.673617379884035e-19,0.0,2.710505431213761e-20,-1.4210854715202004e-14,0.0,0.0,0.0,-1.4210854715202004e-14,5.551115123125783e-17,2.8421709430404014e-14,4.440892098500626e-16,0.0,1.4551915228366852e-11,-1.4210854715202004e-14,7.105427357601002e-15,3.469446951953614e-18,1.5928079096479393,0.0,0.0
19,2020-02-10,-0.9798658313145032,1.8549377133141165,-0.7451440335932619,-1.4551915228366852e-11,0.0,5.684341886080803e-14,-1.1368683772161605e-13,0.0,2.8421709430404014e-14,-8.673617379884035e-19,0.0,2.710505431213761e-20,-1.4210854715202004e-14,0.0,0.0,0.0,-1.4210854715202004e-14,5.551115123125783e-17,2.8421709430404014e-14,4.440892098500626e-16,0.0,1.4551915228366852e-11,-1.4210854715202004e-14,7.105427357601002e-15,3.469446951953614e-18,-0.6278220957736403,0.0,0.0
20,2020-02-11,-0.9798658313145032,4.356821053740656,-0.642137070850348,-1.4551915228366852e-11,0.0,5.684341886080803e-14,-1.1368683772161605e-13,0.0,2.8421709430404014e-14,-8.673617379884035e-19,0.0,2.710505431213761e-20,-1.4210854715202004e-14,0.0,0.0,0.0,-1.4210854715202004e-14,5.551115123125783e-17,2.8421709430404014e-14,4.440892098500626e-16,0.0,1.4551915228366852e-11,-1.4210854715202004e-14,7.105427357601002e-15,3.469446951953614e-18,-0.6278220957736403,0.0,0.0
21,2020-02-12,-0.9798658313145032,0.6688852445426935,-0.7825659227725049,-1.4551915228366852e-11,0.0,5.684341886080803e-14,-1.1368683772161605e-13,0.0,2.8421709430404014e-14,-8.673617379884035e-19,0.0,2.710505431213761e-20,-1.4210854715202004e-14,0.0,0.0,0.0,-1.4210854715202004e-14,5.551115123125783e-17,2.8421709430404014e-14,4.440892098500626e-16,0.0,1.4551915228366852e-11,-1.4210854715202004e-14,7.105427357601002e-15,3.469446951953614e-18,-0.6278220957736403,0.0,0.0
22,2020-02-13,-0.9798658313145032,3.606430514360567,-0.9354773675326538,-1.4551915228366852e-11,0.0,5.684341886080803e-14,-1.1368683772161605e-13,0.0,2.8421709430404014e-14,-8.673617379884035e-19,0.0,2.710505431213761e-20,-1.4210854715202004e-14,0.0,0.0,0.0,-1.4210854715202004e-14,5.551115123125783e-17,2.8421709430404014e-14,4.440892098500626e-16,0.0,1.4551915228366852e-11,-1.4210854715202004e-14,7.105427357601002e-15,3.469446951953614e-18,-0.6278220957736403,0.0,0.0
23,2020-02-14,-0.9798658313145032,-0.7145863089325841,-1.8709666906662827,-1.4551915228366852e-11,0.0,5.684341886080803e-14,-1.1368683772161605e-13,0.0,2.8421709430404014e-14,-8.673617379884035e-19,0.0,2.710505431213761e-20,-1.4210854715202004e-14,0.0,0.0,0.0,-1.4210854715202004e-14,5.551115123125783e-17,2.8421709430404014e-14,4.440892098500626e-16,0.0,1.4551915228366852e-11,-1.4210854715202004e-14,7.105427357601002e-15,3.469446951953614e-18,-0.6278220957736403,0.0,0.0
24,2020-02-15,-0.9798658313145032,-0.8979538130698628,-2.001339432412939,-1.4551915228366852e-11,0.0,5.684341886080803e-14,-1.1368683772161605e-13,0.0,2.8421709430404014e-14,-8.673617379884035e-19,0.0,2.710505431213761e-20,-1.4210854715202004e-14,0.0,0.0,0.0,-1.4210854715202004e-14,5.551115123125783e-17,2.8421709430404014e-14,4.440892098500626e-16,0.0,1.4551915228366852e-11,-1.4210854715202004e-14,7.105427357601002e-15,3.469446951953614e-18,1.5928079096479393,0.0,0.0
25,2020-02-16,-0.9798658313145032,-0.1502384075018297,-1.361686957770061,-1.4551915228366852e-11,0.0,5.684341886080803e-14,-1.1368683772161605e-13,0.0,2.8421709430404014e-14,-8.673617379884035e-19,0.0,2.710505431213761e-20,-1.4210854715202004e-14,0.0,0.0,0.0,-1.4210854715202004e-14,5.551115123125783e-17,2.8421709430404014e-14,4.440892098500626e-16,0.0,1.4551915228366852e-11,-1.4210854715202004e-14,7.105427357601002e-15,3.469446951953614e-18,1.5928079096479393,0.0,0.0
26,2020-02-17,-0.9798658313145032,-0.4421532770105485,-0.9865496680949528,-1.4551915228366852e-11,0.0,5.684341886080803e-14,-1.1368683772161605e-13,0.0,2.8421709430404014e-14,-8.673617379884035e-19,0.0,2.710505431213761e-20,-1.4210854715202004e-14,0.0,0.0,0.0,-1.4210854715202004e-14,5.551115123125783e-17,2.8421709430404014e-14,4.440892098500626e-16,0.0,1.4551915228366852e-11,-1.4210854715202004e-14,7.105427357601002e-15,3.469446951953614e-18,-0.6278220957736403,0.0,0.0
27,2020-02-18,-0.9798658313145032,0.1780099809175986,-0.584707418346983,-1.4551915228366852e-11,0.0,5.684341886080803e-14,-1.1368683772161605e-13,0.0,2.8421709430404014e-14,-8.673617379884035e-19,0.0,2.710505431213761e-20,-1.4210854715202004e-14,0.0,0.0,0.0,-1.4210854715202004e-14,5.551115123125783e-17,2.8421709430404014e-14,4.440892098500626e-16,0.0,1.4551915228366852e-11,-1.4210854715202004e-14,7.105427357601002e-15,3.469446951953614e-18,-0.6278220957736403,0.0,0.0
28,2020-02-19,-0.9798658313145032,1.067345526448381,-0.8483972579408198,-1.4551915228366852e-11,0.0,5.684341886080803e-14,-1.1368683772161605e-13,0.0,2.8421709430404014e-14,-8.673617379884035e-19,0.0,2.710505431213761e-20,-1.4210854715202004e-14,0.0,0.0,0.0,-1.4210854715202004e-14,5.551115123125783e-17,2.8421709430404014e-14,4.440892098500626e-16,0.0,1.4551915228366852e-11,-1.4210854715202004e-14,7.105427357601002e-15,3.469446951953614e-18,-0.6278220957736403,0.0,0.0
29,2020-02-20,-0.9798658313145032,1.929243013860823,-1.3960015681511644,-1.4551915228366852e-11,0.0,5.684341886080803e-14,-1.1368683772161605e-13,0.0,2.8421709430404014e-14,-8.673617379884035e-19,0.0,2.710505431213761e-20,-1.4210854715202004e-14,0.0,0.0,0.0,-1.4210854715202004e-14,5.551115123125783e-17,2.8421709430404014e-14,4.440892098500626e-16,0.0,1.4551915228366852e-11,-1.4210854715202004e-14,7.105427357601002e-15,3.469446951953614e-18,-0.6278220957736403,0.0,0.0
30,2020-02-21,-0.9798658313145032,0.504573159788957,-2.146884167495977,-1.4551915228366852e-11,0.0,5.684341886080803e-14,-1.1368683772161605e-13,0.0,2.8421709430404014e-14,-8.673617379884035e-19,0.0,2.710505431213761e-20,-1.4210854715202004e-14,0.0,0.0,0.0,-1.4210854715202004e-14,5.551115123125783e-17,2.8421709430404014e-14,4.440892098500626e-16,0.0,1.4551915228366852e-11,-1.4210854715202004e-14,7.105427357601002e-15,3.469446951953614e-18,-0.6278220957736403,0.0,0.0
31,2020-02-22,-0.9798658313145032,-0.9472890099905974,-2.1484441278763287,-1.4551915228366852e-11,0.0,5.684341886080803e-14,-1.1368683772161605e-13,0.0,2.8421709430404014e-14,-8.673617379884035e-19,0.0,2.710505431213761e-20,-1.4210854715202004e-14,0.0,0.0,0.0,-1.4210854715202004e-14,5.551115123125783e-17,2.8421709430404014e-14,4.440892098500626e-16,0.0,1.4551915228366852e-11,-1.4210854715202004e-14,7.105427357601002e-15,3.469446951953614e-18,1.5928079096479393,0.0,0.0
32,2020-02-23,-0.9798658313145032,-0.9471629263341038,-1.6355898966370142,-1.4551915228366852e-11,0.0,5.684341886080803e-14,-1.1368683772161605e-13,0.0,2.8421709430404014e-14,-8.673617379884035e-19,0.0,2.710505431213761e-20,-1.4210854715202004e-14,0.0,0.0,0.0,-1.4210854715202004e-14,5.551115123125783e-17,2.8421709430404014e-14,4.440892098500626e-16,0.0,1.4551915228366852e-11,-1.4210854715202004e-14,7.105427357601002e-15,3.469446951953614e-18,1.5928079096479393,0.0,0.0
33,2020-02-24,-0.9798658313145032,-0.2235523760236794,-1.1074182621418824,-1.4551915228366852e-11,0.0,5.684341886080803e-14,-1.1368683772161605e-13,0.0,2.8421709430404014e-14,-8.673617379884035e-19,0.0,2.710505431213761e-20,-1.4210854715202004e-14,0.0,0.0,0.0,-1.4210854715202004e-14,5.551115123125783e-17,2.8421709430404014e-14,4.440892098500626e-16,0.0,1.4551915228366852e-11,-1.4210854715202004e-14,7.105427357601002e-15,3.469446951953614e-18,-0.6278220957736403,0.0,0.0
34,2020-02-25,-0.9798658313145032,1.0724094510408029,-0.8722326572344578,-1.4551915228366852e-11,0.0,5.684341886080803e-14,-1.1368683772161605e-13,0.0,2.8421709430404014e-14,-8.673617379884035e-19,0.0,2.710505431213761e-20,-1.4210854715202004e-14,0.0,0.0,0.0,-1.4210854715202004e-14,5.551115123125783e-17,2.8421709430404014e-14,4.440892098500626e-16,0.0,1.4551915228366852e-11,-1.4210854715202004e-14,7.105427357601002e-15,3.469446951953614e-18,-0.6278220957736403,0.0,0.0
35,2020-02-26,-0.9798658313145032,-0.5314407450150931,-1.1417152431203652,-1.4551915228366852e-11,0.0,5.684341886080803e-14,-1.1368683772161605e-13,0.0,2.8421709430404014e-14,-8.673617379884035e-19,0.0,2.710505431213761e-20,-1.4210854715202004e-14,0.0,0.0,0.0,-1.4210854715202004e-14,5.551115123125783e-17,2.8421709430404014e-14,4.440892098500626e-16,0.0,1.4551915228366852e-11,-1.4210854715202004e-14,7.105427357601002e-15,3.469446951953614e-18,-0.6278220957736403,0.0,0.0
36,2020-02-27,-0.9798658313145032,-0.4313546876192646,-1.920802477414948,-1.4551915228366852e-11,0.0,5.684341886080803e-14,-1.1368683772161605e-13,0.0,2.8421709430404014e-14,-8.673617379884035e-19,0.0,2.710505431213761e-20,-1.4210854715202004e-14,0.0,0.0,0.0,-1.4210854715202004e-14,5.551115123125783e-17,2.8421709430404014e-14,4.440892098500626e-16,0.0,1.4551915228366852e-11,-1.4210854715202004e-14,7.105427357601002e-15,3.469446951953614e-18,-0.6278220957736403,0.0,0.0
37,2020-02-28,-0.9798658313145032,-0.9397187538996004,-1.918772247783057,-1.4551915228366852e-11,0.0,5.684341886080803e-14,-1.1368683772161605e-13,0.0,2.8421709430404014e-14,-8.673617379884035e-19,0.0,2.710505431213761e-20,-1.4210854715202004e-14,0.0,0.0,0.0,-1.4210854715202004e-14,5.551115123125783e-17,2.8421709430404014e-14,4.440892098500626e-16,0.0,1.4551915228366852e-11,-1.4210854715202004e-14,7.105427357601002e-15,3.469446951953614e-18,-0.6278220957736403,0.0,0.0
38,2020-02-29,-0.9795483434689704,-0.9087831825317726,-1.6787891738092071,-1.4551915228366852e-11,0.0,5.684341886080803e-14,-1.1368683772161605e-13,0.0,2.8421709430404014e-14,-8.673617379884035e-19,0.0,2.710505431213761e-20,-1.4210854715202004e-14,0.0,0.0,0.0,-1.4210854715202004e-14,5.551115123125783e-17,2.8421709430404014e-14,4.440892098500626e-16,0.0,1.4551915228366852e-11,-1.4210854715202004e-14,7.105427357601002e-15,3.469446951953614e-18,1.5928079096479393,0.0,0.0
39,2020-03-01,-0.9795483434689704,-0.9285392351116942,-1.3158699806859782,-1.4551915228366852e-11,0.0,5.684341886080803e-14,-1.1368683772161605e-13,0.0,2.8421709430404014e-14,-8.673617379884035e-19,0.0,2.710505431213761e-20,-1.4210854715202004e-14,0.0,0.0,0.0,-1.4210854715202004e-14,5.551115123125783e-17,2.8421709430404014e-14,4.440892098500626e-16,0.0,1.4551915228366852e-11,-1.4210854715202004e-14,7.105427357601002e-15,3.469446951953614e-18,1.5928079096479393,0.0,0.0
40,2020-03-02,-0.9797070873917368,-0.087391335894298,-0.6802482913997744,-1.4551915228366852e-11,0.0,5.684341886080803e-14,-1.1368683772161605e-13,0.0,2.8421709430404014e-14,-8.673617379884035e-19,0.0,2.710505431213761e-20,-1.4210854715202004e-14,0.0,0.0,0.0,-1.4210854715202004e-14,5.551115123125783e-17,2.8421709430404014e-14,4.440892098500626e-16,0.0,1.4551915228366852e-11,-1.4210854715202004e-14,7.105427357601002e-15,3.469446951953614e-18,-0.6278220957736403,1.0,0.0
41,2020-03-03,-0.9797070873917368,1.2115630797439785,-0.2013173940752845,-1.4551915228366852e-11,0.0,5.684341886080803e-14,-1.1368683772161605e-13,0.0,2.8421709430404014e-14,-8.673617379884035e-19,0.0,2.710505431213761e-20,-1.4210854715202004e-14,0.0,0.0,0.0,-1.4210854715202004e-14,5.551115123125783e-17,2.8421709430404014e-14,4.440892098500626e-16,0.0,1.4551915228366852e-11,-1.4210854715202004e-14,7.105427357601002e-15,3.469446951953614e-18,-0.6278220957736403,3.0,0.0
42,2020-03-04,-0.9798240235091014,1.1342286603718827,-0.4107210435777987,-1.4551915228366852e-11,0.0,5.684341886080803e-14,-1.1368683772161605e-13,0.0,2.8421709430404014e-14,-8.673617379884035e-19,0.0,2.710505431213761e-20,-1.4210854715202004e-14,0.0,0.0,0.0,-1.4210854715202004e-14,5.551115123125783e-17,2.8421709430404014e-14,4.440892098500626e-16,0.0,1.4551915228366852e-11,-1.4210854715202004e-14,7.105427357601002e-15,3.469446951953614e-18,-0.6278220957736403,0.0,0.0
43,2020-03-05,-0.9795933717932168,2.407100888241218,-0.6656660189585499,-1.4551915228366852e-11,0.0,5.684341886080803e-14,-1.1368683772161605e-13,0.0,2.8421709430404014e-14,-8.673617379884035e-19,0.0,2.710505431213761e-20,-1.4210854715202004e-14,0.0,0.0,0.0,-1.4210854715202004e-14,5.551115123125783e-17,2.8421709430404014e-14,4.440892098500626e-16,0.0,1.4551915228366852e-11,-1.4210854715202004e-14,7.105427357601002e-15,3.469446951953614e-18,-0.6278220957736403,2.0,0.0
44,2020-03-06,-0.9794563914589758,-0.6260611253212216,-0.9310977329120922,-1.4551915228366852e-11,0.0,5.684341886080803e-14,-1.1368683772161605e-13,0.0,2.8421709430404014e-14,-8.673617379884035e-19,0.0,2.710505431213761e-20,-1.4210854715202004e-14,0.0,0.0,0.0,-1.4210854715202004e-14,5.551115123125783e-17,2.8421709430404014e-14,4.440892098500626e-16,0.0,1.4551915228366852e-11,-1.4210854715202004e-14,7.105427357601002e-15,3.469446951953614e-18,-0.6278220957736403,7.0,0.0
45,2020-03-07,-0.979100219569565,-0.8951171639440104,-1.4636153527289826,-1.4551915228366852e-11,0.0,5.684341886080803e-14,-1.1368683772161605e-13,0.0,2.8421709430404014e-14,-8.673617379884035e-19,0.0,2.710505431213761e-20,-1.4210854715202004e-14,0.0,0.0,0.0,-1.4210854715202004e-14,5.551115123125783e-17,2.8421709430404014e-14,4.440892098500626e-16,0.0,1.4551915228366852e-11,-1.4210854715202004e-14,7.105427357601002e-15,3.469446951953614e-18,1.5928079096479393,9.0,0.0
46,2020-03-08,-0.97935828767153,-0.9600222546755172,-1.2293893442580983,-1.4551915228366852e-11,0.0,5.684341886080803e-14,-1.1368683772161605e-13,0.0,2.8421709430404014e-14,-8.673617379884035e-19,0.0,2.710505431213761e-20,-1.4210854715202004e-14,0.0,0.0,0.0,-1.4210854715202004e-14,5.551115123125783e-17,2.8421709430404014e-14,4.440892098500626e-16,0.0,1.4551915228366852e-11,-1.4210854715202004e-14,7.105427357601002e-15,3.469446951953614e-18,1.5928079096479393,11.0,0.0
47,2020-03-09,-0.979085801543552,-0.9172399336301732,-0.6661599792726012,-1.4551915228366852e-11,0.0,5.684341886080803e-14,-1.1368683772161605e-13,0.0,2.8421709430404014e-14,-8.673617379884035e-19,0.0,2.710505431213761e-20,-1.4210854715202004e-14,0.0,0.0,0.0,-1.4210854715202004e-14,5.551115123125783e-17,2.8421709430404014e-14,4.440892098500626e-16,0.0,1.4551915228366852e-11,-1.4210854715202004e-14,7.105427357601002e-15,3.469446951953614e-18,-0.6278220957736403,35.0,0.0
48,2020-03-10,-0.9782748968078064,-0.2149083018790512,-0.2614317160534154,-1.4551915228366852e-11,0.0,5.684341886080803e-14,-1.1368683772161605e-13,0.0,2.8421709430404014e-14,-8.673617379884035e-19,0.0,2.710505431213761e-20,-1.4210854715202004e-14,0.0,0.0,0.0,-1.4210854715202004e-14,5.551115123125783e-17,2.8421709430404014e-14,4.440892098500626e-16,0.0,1.4551915228366852e-11,-1.4210854715202004e-14,7.105427357601002e-15,3.469446951953614e-18,-0.6278220957736403,25.0,0.0
49,2020-03-11,-0.976908242705752,-0.5225762130922996,-0.2131979387678934,-1.4551915228366852e-11,0.0,5.684341886080803e-14,-1.1368683772161605e-13,0.0,2.8421709430404014e-14,-8.673617379884035e-19,0.0,2.710505431213761e-20,-1.4210854715202004e-14,0.0,0.0,0.0,-1.4210854715202004e-14,5.551115123125783e-17,2.8421709430404014e-14,4.440892098500626e-16,0.0,1.4551915228366852e-11,-1.4210854715202004e-14,7.105427357601002e-15,3.469446951953614e-18,-0.6278220957736403,43.0,0.0
50,2020-03-12,-0.9766294942028392,-0.394318012523217,-0.069510498099673,-1.4551915228366852e-11,0.0,5.684341886080803e-14,-1.1368683772161605e-13,0.0,2.8421709430404014e-14,-8.673617379884035e-19,0.0,2.710505431213761e-20,-1.4210854715202004e-14,0.0,0.0,0.0,-1.4210854715202004e-14,5.551115123125783e-17,2.8421709430404014e-14,4.440892098500626e-16,0.0,1.4551915228366852e-11,-1.4210854715202004e-14,7.105427357601002e-15,3.469446951953614e-18,-0.6278220957736403,44.0,0.0
51,2020-03-13,-0.9734196629571786,1.059951837589436,0.0486783841851033,-1.4551915228366852e-11,0.0,5.684341886080803e-14,-1.1368683772161605e-13,0.0,2.8421709430404014e-14,-8.673617379884035e-19,0.0,2.710505431213761e-20,-1.4210854715202004e-14,0.0,0.0,0.0,-1.4210854715202004e-14,5.551115123125783e-17,2.8421709430404014e-14,4.440892098500626e-16,0.0,1.4551915228366852e-11,-1.4210854715202004e-14,7.105427357601002e-15,3.469446951953614e-18,-0.6278220957736403,80.0,0.0
52,2020-03-14,-0.9735010738313312,-0.7262511931933942,-0.2399955784703193,-1.4551915228366852e-11,0.0,5.684341886080803e-14,-1.1368683772161605e-13,0.0,2.8421709430404014e-14,-8.673617379884035e-19,0.0,2.710505431213761e-20,-1.4210854715202004e-14,0.0,0.0,0.0,-1.4210854715202004e-14,5.551115123125783e-17,2.8421709430404014e-14,4.440892098500626e-16,0.0,1.4551915228366852e-11,-1.4210854715202004e-14,7.105427357601002e-15,3.469446951953614e-18,1.5928079096479393,185.0,0.0
53,2020-03-15,-0.9718058635001384,0.619777853366314,-0.408893779360939,-1.4551915228366852e-11,0.0,5.684341886080803e-14,-1.1368683772161605e-13,0.0,2.8421709430404014e-14,-8.673617379884035e-19,0.0,2.710505431213761e-20,-1.4210854715202004e-14,0.0,0.0,0.0,-1.4210854715202004e-14,5.551115123125783e-17,2.8421709430404014e-14,4.440892098500626e-16,0.0,1.4551915228366852e-11,-1.4210854715202004e-14,7.105427357601002e-15,3.469446951953614e-18,1.5928079096479393,93.0,0.0
54,2020-03-16,-0.9684793773167384,-0.7693148112242761,-0.5627794282482395,-1.4551915228366852e-11,0.0,5.684341886080803e-14,-1.1368683772161605e-13,0.0,2.8421709430404014e-14,-8.673617379884035e-19,0.0,2.710505431213761e-20,-1.4210854715202004e-14,0.0,0.0,0.0,-1.4210854715202004e-14,5.551115123125783e-17,2.8421709430404014e-14,4.440892098500626e-16,0.0,1.4551915228366852e-11,-1.4210854715202004e-14,7.105427357601002e-15,3.469446951953614e-18,-0.6278220957736403,150.0,0.0
55,2020-03-17,-0.9614394484336176,-0.3769106874483137,-0.3276554443089678,-1.4551915228366852e-11,0.0,5.684341886080803e-14,-1.1368683772161605e-13,0.0,2.8421709430404014e-14,-8.673617379884035e-19,0.0,2.710505431213761e-20,-1.4210854715202004e-14,0.0,0.0,0.0,-1.4210854715202004e-14,5.551115123125783e-17,2.8421709430404014e-14,4.440892098500626e-16,0.0,1.4551915228366852e-11,-1.4210854715202004e-14,7.105427357601002e-15,3.469446951953614e-18,-0.6278220957736403,263.0,0.0
56,2020-03-18,-0.9128008930445172,-0.6603085090000008,-0.0368766791250702,-1.4551915228366852e-11,0.0,5.684341886080803e-14,-1.1368683772161605e-13,0.0,2.8421709430404014e-14,-8.673617379884035e-19,0.0,2.710505431213761e-20,-1.4210854715202004e-14,0.0,0.0,0.0,-1.4210854715202004e-14,5.551115123125783e-17,2.8421709430404014e-14,4.440892098500626e-16,0.0,1.4551915228366852e-11,-1.4210854715202004e-14,7.105427357601002e-15,3.469446951953614e-18,-0.6278220957736403,398.0,0.0
57,2020-03-19,-0.943580902759031,0.0975316479699032,0.3471684977392562,-1.4551915228366852e-11,0.0,5.684341886080803e-14,-1.1368683772161605e-13,0.0,2.8421709430404014e-14,-8.673617379884035e-19,0.0,2.710505431213761e-20,-1.4210854715202004e-14,0.0,0.0,0.0,-1.4210854715202004e-14,5.551115123125783e-17,2.8421709430404014e-14,4.440892098500626e-16,0.0,1.4551915228366852e-11,-1.4210854715202004e-14,7.105427357601002e-15,3.469446951953614e-18,-0.6278220957736403,540.0,0.0
58,2020-03-20,-0.9257615333369436,0.2287083682532886,0.4587741131625528,-1.4551915228366852e-11,0.0,5.684341886080803e-14,-1.1368683772161605e-13,0.0,2.8421709430404014e-14,-8.673617379884035e-19,0.0,2.710505431213761e-20,-1.4210854715202004e-14,0.0,0.0,0.0,-1.4210854715202004e-14,5.551115123125783e-17,2.8421709430404014e-14,4.440892098500626e-16,0.0,1.4551915228366852e-11,-1.4210854715202004e-14,7.105427357601002e-15,3.469446951953614e-18,-0.6278220957736403,838.0,0.0
59,2020-03-21,-0.8097504551229197,0.720243350835191,-0.2582934242832871,-1.4551915228366852e-11,0.0,5.684341886080803e-14,-1.1368683772161605e-13,0.0,2.8421709430404014e-14,-8.673617379884035e-19,0.0,2.710505431213761e-20,-1.4210854715202004e-14,0.0,0.0,0.0,-1.4210854715202004e-14,5.551115123125783e-17,2.8421709430404014e-14,4.440892098500626e-16,0.0,1.4551915228366852e-11,-1.4210854715202004e-14,7.105427357601002e-15,3.469446951953614e-18,1.5928079096479393,771.0,0.0
60,2020-03-22,-0.860642154758917,0.0409183502075118,-0.7361739185263572,-1.4551915228366852e-11,0.0,5.684341886080803e-14,-1.1368683772161605e-13,0.0,2.8421709430404014e-14,-8.673617379884035e-19,0.0,2.710505431213761e-20,-1.4210854715202004e-14,0.0,0.0,0.0,-1.4210854715202004e-14,5.551115123125783e-17,2.8421709430404014e-14,4.440892098500626e-16,0.0,1.4551915228366852e-11,-1.4210854715202004e-14,7.105427357601002e-15,3.469446951953614e-18,1.5928079096479393,870.0,0.0
61,2020-03-23,-0.8473015485082364,0.8201522814692767,-0.3133295990015464,-1.4551915228366852e-11,0.0,5.684341886080803e-14,-1.1368683772161605e-13,0.0,2.8421709430404014e-14,-8.673617379884035e-19,0.0,2.710505431213761e-20,-1.4210854715202004e-14,0.0,0.0,0.0,-1.4210854715202004e-14,5.551115123125783e-17,2.8421709430404014e-14,4.440892098500626e-16,0.0,1.4551915228366852e-11,-1.4210854715202004e-14,7.105427357601002e-15,3.469446951953614e-18,-0.6278220957736403,1184.0,0.0
62,2020-03-24,-0.7878756882023448,-0.0309636674579076,-0.0153980793529038,-1.4551915228366852e-11,0.0,5.684341886080803e-14,-1.1368683772161605e-13,0.0,2.8421709430404014e-14,-8.673617379884035e-19,0.0,2.710505431213761e-20,-1.4210854715202004e-14,0.0,0.0,0.0,-1.4210854715202004e-14,5.551115123125783e-17,2.8421709430404014e-14,4.440892098500626e-16,0.0,1.4551915228366852e-11,-1.4210854715202004e-14,7.105427357601002e-15,3.469446951953614e-18,-0.6278220957736403,1208.0,0.0
63,2020-03-25,-0.8190674126596661,0.2944989068223135,0.0447889792357608,-1.4551915228366852e-11,0.0,5.684341886080803e-14,-1.1368683772161605e-13,0.0,2.8421709430404014e-14,-8.673617379884035e-19,0.0,2.710505431213761e-20,-1.4210854715202004e-14,0.0,0.0,0.0,-1.4210854715202004e-14,5.551115123125783e-17,2.8421709430404014e-14,4.440892098500626e-16,0.0,1.4551915228366852e-11,-1.4210854715202004e-14,7.105427357601002e-15,3.469446951953614e-18,-0.6278220957736403,1921.0,0.0
64,2020-03-26,-0.6353893343621555,-0.919679881209828,0.1318010758144474,-1.4551915228366852e-11,0.0,5.684341886080803e-14,-1.1368683772161605e-13,0.0,2.8421709430404014e-14,-8.673617379884035e-19,0.0,2.710505431213761e-20,-1.4210854715202004e-14,0.0,0.0,0.0,-1.4210854715202004e-14,5.551115123125783e-17,2.8421709430404014e-14,4.440892098500626e-16,0.0,1.4551915228366852e-11,-1.4210854715202004e-14,7.105427357601002e-15,3.469446951953614e-18,-0.6278220957736403,2084.0,0.0
65,2020-03-27,-0.7725035966501341,-0.9476849604008158,0.5520689421626828,-1.4551915228366852e-11,0.0,5.684341886080803e-14,-1.1368683772161605e-13,0.0,2.8421709430404014e-14,-8.673617379884035e-19,0.0,2.710505431213761e-20,-1.4210854715202004e-14,0.0,0.0,0.0,-1.4210854715202004e-14,5.551115123125783e-17,2.8421709430404014e-14,4.440892098500626e-16,0.0,1.4551915228366852e-11,-1.4210854715202004e-14,7.105427357601002e-15,3.469446951953614e-18,-0.6278220957736403,2746.0,0.0
66,2020-03-28,-0.6501621311967666,-0.8569869284343239,0.7687939000835646,-1.4551915228366852e-11,0.0,5.684341886080803e-14,-1.1368683772161605e-13,0.0,2.8421709430404014e-14,-8.673617379884035e-19,0.0,2.710505431213761e-20,-1.4210854715202004e-14,0.0,0.0,0.0,-1.4210854715202004e-14,5.551115123125783e-17,2.8421709430404014e-14,4.440892098500626e-16,0.0,1.4551915228366852e-11,-1.4210854715202004e-14,7.105427357601002e-15,3.469446951953614e-18,1.5928079096479393,2691.0,0.0
67,2020-03-29,-0.7728774458700802,0.2520640418894657,0.5063962905442444,-1.4551915228366852e-11,0.0,5.684341886080803e-14,-1.1368683772161605e-13,0.0,2.8421709430404014e-14,-8.673617379884035e-19,0.0,2.710505431213761e-20,-1.4210854715202004e-14,0.0,0.0,0.0,-1.4210854715202004e-14,5.551115123125783e-17,2.8421709430404014e-14,4.440892098500626e-16,0.0,1.4551915228366852e-11,-1.4210854715202004e-14,7.105427357601002e-15,3.469446951953614e-18,1.5928079096479393,2800.0,0.0
68,2020-03-30,-0.6542000523000873,-0.8369384185823091,0.1096100713178697,-1.4551915228366852e-11,0.0,5.684341886080803e-14,-1.1368683772161605e-13,0.0,2.8421709430404014e-14,-8.673617379884035e-19,0.0,2.710505431213761e-20,-1.4210854715202004e-14,0.0,0.0,0.0,-1.4210854715202004e-14,5.551115123125783e-17,2.8421709430404014e-14,4.440892098500626e-16,0.0,1.4551915228366852e-11,-1.4210854715202004e-14,7.105427357601002e-15,3.469446951953614e-18,-0.6278220957736403,2914.0,0.0
69,2020-03-31,-0.6087979796592773,0.5839581125090693,-0.2788586590806582,-1.4551915228366852e-11,0.0,5.684341886080803e-14,-1.1368683772161605e-13,0.0,2.8421709430404014e-14,-8.673617379884035e-19,0.0,2.710505431213761e-20,-1.4210854715202004e-14,0.0,0.0,0.0,-1.4210854715202004e-14,5.551115123125783e-17,2.8421709430404014e-14,4.440892098500626e-16,0.0,1.4551915228366852e-11,-1.4210854715202004e-14,7.105427357601002e-15,3.469446951953614e-18,-0.6278220957736403,4663.0,0.0
70,2020-04-01,-0.555639154660249,0.2443057090128676,-0.7981094781244855,-1.4551915228366852e-11,0.0,5.684341886080803e-14,-1.1368683772161605e-13,0.0,2.8421709430404014e-14,-8.673617379884035e-19,0.0,2.710505431213761e-20,-1.4210854715202004e-14,0.0,0.0,0.0,-1.4210854715202004e-14,5.551115123125783e-17,2.8421709430404014e-14,4.440892098500626e-16,0.0,1.4551915228366852e-11,-1.4210854715202004e-14,7.105427357601002e-15,3.469446951953614e-18,-0.6278220957736403,3895.0,0.0
71,2020-04-02,-0.5977186733065717,-0.9543757810279896,-0.7064127433620865,-1.4551915228366852e-11,0.0,5.684341886080803e-14,-1.1368683772161605e-13,0.0,2.8421709430404014e-14,-8.673617379884035e-19,0.0,2.710505431213761e-20,-1.4210854715202004e-14,0.0,0.0,0.0,-1.4210854715202004e-14,5.551115123125783e-17,2.8421709430404014e-14,4.440892098500626e-16,0.0,1.4551915228366852e-11,-1.4210854715202004e-14,7.105427357601002e-15,3.469446951953614e-18,-0.6278220957736403,6714.0,0.0
72,2020-04-03,-0.5114213990652519,-0.9184178158939156,-0.3773030009039413,-1.4551915228366852e-11,0.0,5.684341886080803e-14,-1.1368683772161605e-13,0.0,2.8421709430404014e-14,-8.673617379884035e-19,0.0,2.710505431213761e-20,-1.4210854715202004e-14,0.0,0.0,0.0,-1.4210854715202004e-14,5.551115123125783e-17,2.8421709430404014e-14,4.440892098500626e-16,0.0,1.4551915228366852e-11,-1.4210854715202004e-14,7.105427357601002e-15,3.469446951953614e-18,-0.6278220957736403,5308.0,0.0
73,2020-04-04,-0.4367581610865614,-0.8815895746718291,-0.1228987411359272,-1.4551915228366852e-11,0.0,5.684341886080803e-14,-1.1368683772161605e-13,0.0,2.8421709430404014e-14,-8.673617379884035e-19,0.0,2.710505431213761e-20,-1.4210854715202004e-14,0.0,0.0,0.0,-1.4210854715202004e-14,5.551115123125783e-17,2.8421709430404014e-14,4.440892098500626e-16,0.0,1.4551915228366852e-11,-1.4210854715202004e-14,7.105427357601002e-15,3.469446951953614e-18,1.5928079096479393,6172.0,0.0
74,2020-04-05,-0.6202643881649306,-0.6865750262884659,0.0462507501377201,-1.4551915228366852e-11,0.0,5.684341886080803e-14,-1.1368683772161605e-13,0.0,2.8421709430404014e-14,-8.673617379884035e-19,0.0,2.710505431213761e-20,-1.4210854715202004e-14,0.0,0.0,0.0,-1.4210854715202004e-14,5.551115123125783e-17,2.8421709430404014e-14,4.440892098500626e-16,0.0,1.4551915228366852e-11,-1.4210854715202004e-14,7.105427357601002e-15,3.469446951953614e-18,1.5928079096479393,3538.0,0.0
75,2020-04-06,-0.3682841884562415,-0.7666503183989408,0.1547116688828772,-1.4551915228366852e-11,0.0,5.684341886080803e-14,-1.1368683772161605e-13,0.0,2.8421709430404014e-14,-8.673617379884035e-19,0.0,2.710505431213761e-20,-1.4210854715202004e-14,0.0,0.0,0.0,-1.4210854715202004e-14,5.551115123125783e-17,2.8421709430404014e-14,4.440892098500626e-16,0.0,1.4551915228366852e-11,-1.4210854715202004e-14,7.105427357601002e-15,3.469446951953614e-18,-0.6278220957736403,5798.0,0.0
76,2020-04-07,-0.4987639742289719,-0.8063022652995846,0.3551951642967749,-1.4551915228366852e-11,0.0,5.684341886080803e-14,-1.1368683772161605e-13,0.0,2.8421709430404014e-14,-8.673617379884035e-19,0.0,2.710505431213761e-20,-1.4210854715202004e-14,0.0,0.0,0.0,-1.4210854715202004e-14,5.551115123125783e-17,2.8421709430404014e-14,4.440892098500626e-16,0.0,1.4551915228366852e-11,-1.4210854715202004e-14,7.105427357601002e-15,3.469446951953614e-18,-0.6278220957736403,6336.0,0.0
77,2020-04-08,-0.5102475678565392,-0.1994337883237792,0.6115358550003517,-1.4551915228366852e-11,0.0,5.684341886080803e-14,-1.1368683772161605e-13,0.0,2.8421709430404014e-14,-8.673617379884035e-19,0.0,2.710505431213761e-20,-1.4210854715202004e-14,0.0,0.0,0.0,-1.4210854715202004e-14,5.551115123125783e-17,2.8421709430404014e-14,4.440892098500626e-16,0.0,1.4551915228366852e-11,-1.4210854715202004e-14,7.105427357601002e-15,3.469446951953614e-18,-0.6278220957736403,5355.0,0.0
78,2020-04-09,-0.5558104233328851,0.1966724779369135,0.5339775286665456,-1.4551915228366852e-11,0.0,5.684341886080803e-14,-1.1368683772161605e-13,0.0,2.8421709430404014e-14,-8.673617379884035e-19,0.0,2.710505431213761e-20,-1.4210854715202004e-14,0.0,0.0,0.0,-1.4210854715202004e-14,5.551115123125783e-17,2.8421709430404014e-14,4.440892098500626e-16,0.0,1.4551915228366852e-11,-1.4210854715202004e-14,7.105427357601002e-15,3.469446951953614e-18,-0.6278220957736403,5736.0,0.0
79,2020-04-10,-0.3693707833257457,-0.448817274043612,-0.3846286072291592,-1.4551915228366852e-11,0.0,5.684341886080803e-14,-1.1368683772161605e-13,0.0,2.8421709430404014e-14,-8.673617379884035e-19,0.0,2.710505431213761e-20,-1.4210854715202004e-14,0.0,0.0,0.0,-1.4210854715202004e-14,5.551115123125783e-17,2.8421709430404014e-14,4.440892098500626e-16,0.0,1.4551915228366852e-11,-1.4210854715202004e-14,7.105427357601002e-15,3.469446951953614e-18,-0.6278220957736403,5600.0,0.0
80,2020-04-11,-0.5095479295033563,-0.94870442857274,-0.691276010974554,-1.4551915228366852e-11,0.0,5.684341886080803e-14,-1.1368683772161605e-13,0.0,2.8421709430404014e-14,-8.673617379884035e-19,0.0,2.710505431213761e-20,-1.4210854715202004e-14,0.0,0.0,0.0,-1.4210854715202004e-14,5.551115123125783e-17,2.8421709430404014e-14,4.440892098500626e-16,0.0,1.4551915228366852e-11,-1.4210854715202004e-14,7.105427357601002e-15,3.469446951953614e-18,1.5928079096479393,4771.0,0.0
81,2020-04-12,-0.5832056922134423,-0.2402567416088115,-0.1242365334791091,-1.4551915228366852e-11,0.0,5.684341886080803e-14,-1.1368683772161605e-13,0.0,2.8421709430404014e-14,-8.673617379884035e-19,0.0,2.710505431213761e-20,-1.4210854715202004e-14,0.0,0.0,0.0,-1.4210854715202004e-14,5.551115123125783e-17,2.8421709430404014e-14,4.440892098500626e-16,0.0,1.4551915228366852e-11,-1.4210854715202004e-14,7.105427357601002e-15,3.469446951953614e-18,1.5928079096479393,4211.0,0.0
82,2020-04-13,-0.3819715555143595,5.215361624702025,-0.178460627650903,-1.4551915228366852e-11,0.0,5.684341886080803e-14,-1.1368683772161605e-13,0.0,2.8421709430404014e-14,-8.673617379884035e-19,0.0,2.710505431213761e-20,-1.4210854715202004e-14,0.0,0.0,0.0,-1.4210854715202004e-14,5.551115123125783e-17,2.8421709430404014e-14,4.440892098500626e-16,0.0,1.4551915228366852e-11,-1.4210854715202004e-14,7.105427357601002e-15,3.469446951953614e-18,-0.6278220957736403,5245.0,0.0
83,2020-04-14,-0.4480511163701828,-0.6928885203759076,-0.7052987423925406,-1.4551915228366852e-11,0.0,5.684341886080803e-14,-1.1368683772161605e-13,0.0,2.8421709430404014e-14,-8.673617379884035e-19,0.0,2.710505431213761e-20,-1.4210854715202004e-14,0.0,0.0,0.0,-1.4210854715202004e-14,5.551115123125783e-17,2.8421709430404014e-14,4.440892098500626e-16,0.0,1.4551915228366852e-11,-1.4210854715202004e-14,7.105427357601002e-15,3.469446951953614e-18,-0.6278220957736403,4239.0,0.0
84,2020-04-15,-0.6282438189249009,-0.7406016263568695,-1.0069466430866194,-1.4551915228366852e-11,0.0,5.684341886080803e-14,-1.1368683772161605e-13,0.0,2.8421709430404014e-14,-8.673617379884035e-19,0.0,2.710505431213761e-20,-1.4210854715202004e-14,0.0,0.0,0.0,-1.4210854715202004e-14,5.551115123125783e-17,2.8421709430404014e-14,4.440892098500626e-16,0.0,1.4551915228366852e-11,-1.4210854715202004e-14,7.105427357601002e-15,3.469446951953614e-18,-0.6278220957736403,4309.0,0.0
85,2020-04-16,-0.568293229854122,-0.6044610264163776,-0.9085886093264524,-1.4551915228366852e-11,0.0,5.684341886080803e-14,-1.1368683772161605e-13,0.0,2.8421709430404014e-14,-8.673617379884035e-19,0.0,2.710505431213761e-20,-1.4210854715202004e-14,0.0,0.0,0.0,-1.4210854715202004e-14,5.551115123125783e-17,2.8421709430404014e-14,4.440892098500626e-16,0.0,1.4551915228366852e-11,-1.4210854715202004e-14,7.105427357601002e-15,3.469446951953614e-18,-0.6278220957736403,4860.0,0.0
86,2020-04-17,-0.4917030736716505,-0.8383566708944933,-0.5270310616533924,-1.4551915228366852e-11,0.0,5.684341886080803e-14,-1.1368683772161605e-13,0.0,2.8421709430404014e-14,-8.673617379884035e-19,0.0,2.710505431213761e-20,-1.4210854715202004e-14,0.0,0.0,0.0,-1.4210854715202004e-14,5.551115123125783e-17,2.8421709430404014e-14,4.440892098500626e-16,0.0,1.4551915228366852e-11,-1.4210854715202004e-14,7.105427357601002e-15,3.469446951953614e-18,-0.6278220957736403,6224.0,0.0
87,2020-04-18,-0.4896887734920347,-0.0427661361812468,-0.2516279803802045,-1.4551915228366852e-11,0.0,5.684341886080803e-14,-1.1368683772161605e-13,0.0,2.8421709430404014e-14,-8.673617379884035e-19,0.0,2.710505431213761e-20,-1.4210854715202004e-14,0.0,0.0,0.0,-1.4210854715202004e-14,5.551115123125783e-17,2.8421709430404014e-14,4.440892098500626e-16,0.0,1.4551915228366852e-11,-1.4210854715202004e-14,7.105427357601002e-15,3.469446951953614e-18,1.5928079096479393,4405.0,0.0
88,2020-04-19,-0.510308152693118,1.011885393555786,-0.2940580165634472,-1.4551915228366852e-11,0.0,5.684341886080803e-14,-1.1368683772161605e-13,0.0,2.8421709430404014e-14,-8.673617379884035e-19,0.0,2.710505431213761e-20,-1.4210854715202004e-14,0.0,0.0,0.0,-1.4210854715202004e-14,5.551115123125783e-17,2.8421709430404014e-14,4.440892098500626e-16,0.0,1.4551915228366852e-11,-1.4210854715202004e-14,7.105427357601002e-15,3.469446951953614e-18,1.5928079096479393,4268.0,0.0
89,2020-04-20,-0.4540031396541621,3.7988762172221664,-0.1659765252310277,-1.4551915228366852e-11,0.0,5.684341886080803e-14,-1.1368683772161605e-13,0.0,2.8421709430404014e-14,-8.673617379884035e-19,0.0,2.710505431213761e-20,-1.4210854715202004e-14,0.0,0.0,0.0,-1.4210854715202004e-14,5.551115123125783e-17,2.8421709430404014e-14,4.440892098500626e-16,0.0,1.4551915228366852e-11,-1.4210854715202004e-14,7.105427357601002e-15,3.469446951953614e-18,-0.6278220957736403,4842.0,0.0
90,2020-04-21,-0.5158002555109541,-0.8028871994037039,-0.0852063053672023,-1.4551915228366852e-11,0.0,5.684341886080803e-14,-1.1368683772161605e-13,0.0,2.8421709430404014e-14,-8.673617379884035e-19,0.0,2.710505431213761e-20,-1.4210854715202004e-14,0.0,0.0,0.0,-1.4210854715202004e-14,5.551115123125783e-17,2.8421709430404014e-14,4.440892098500626e-16,0.0,1.4551915228366852e-11,-1.4210854715202004e-14,7.105427357601002e-15,3.469446951953614e-18,-0.6278220957736403,4419.0,0.0
91,2020-04-22,-0.3763193980441195,-0.7098264164213332,-0.1754843318155534,-1.4551915228366852e-11,0.0,5.684341886080803e-14,-1.1368683772161605e-13,0.0,2.8421709430404014e-14,-8.673617379884035e-19,0.0,2.710505431213761e-20,-1.4210854715202004e-14,0.0,0.0,0.0,-1.4210854715202004e-14,5.551115123125783e-17,2.8421709430404014e-14,4.440892098500626e-16,0.0,1.4551915228366852e-11,-1.4210854715202004e-14,7.105427357601002e-15,3.469446951953614e-18,-0.6278220957736403,4996.0,0.0
92,2020-04-23,-0.2790149075801577,2.9113488237334364,-0.014483275114915,-1.4551915228366852e-11,0.0,5.684341886080803e-14,-1.1368683772161605e-13,0.0,2.8421709430404014e-14,-8.673617379884035e-19,0.0,2.710505431213761e-20,-1.4210854715202004e-14,0.0,0.0,0.0,-1.4210854715202004e-14,5.551115123125783e-17,2.8421709430404014e-14,4.440892098500626e-16,0.0,1.4551915228366852e-11,-1.4210854715202004e-14,7.105427357601002e-15,3.469446951953614e-18,-0.6278220957736403,6080.0,0.0
93,2020-04-24,-0.1631991280821242,1.335858676453006,0.0192013613336859,-1.4551915228366852e-11,0.0,5.684341886080803e-14,-1.1368683772161605e-13,0.0,2.8421709430404014e-14,-8.673617379884035e-19,0.0,2.710505431213761e-20,-1.4210854715202004e-14,0.0,0.0,0.0,-1.4210854715202004e-14,5.551115123125783e-17,2.8421709430404014e-14,4.440892098500626e-16,0.0,1.4551915228366852e-11,-1.4210854715202004e-14,7.105427357601002e-15,3.469446951953614e-18,-0.6278220957736403,6314.0,0.0
94,2020-04-25,0.0925800030259774,-0.2772670868752064,0.1136643686389372,-1.4551915228366852e-11,0.0,5.684341886080803e-14,-1.1368683772161605e-13,0.0,2.8421709430404014e-14,-8.673617379884035e-19,0.0,2.710505431213761e-20,-1.4210854715202004e-14,0.0,0.0,0.0,-1.4210854715202004e-14,5.551115123125783e-17,2.8421709430404014e-14,4.440892098500626e-16,0.0,1.4551915228366852e-11,-1.4210854715202004e-14,7.105427357601002e-15,3.469446951953614e-18,1.5928079096479393,4738.0,0.0
95,2020-04-26,-0.3572099793854595,0.1760305565767164,-0.1398460701915929,-1.4551915228366852e-11,0.0,5.684341886080803e-14,-1.1368683772161605e-13,0.0,2.8421709430404014e-14,-8.673617379884035e-19,0.0,2.710505431213761e-20,-1.4210854715202004e-14,0.0,0.0,0.0,-1.4210854715202004e-14,5.551115123125783e-17,2.8421709430404014e-14,4.440892098500626e-16,0.0,1.4551915228366852e-11,-1.4210854715202004e-14,7.105427357601002e-15,3.469446951953614e-18,1.5928079096479393,3837.0,0.0
96,2020-04-27,-0.3965595394700802,-0.5521015125850219,-0.4112173153371888,-1.4551915228366852e-11,0.0,5.684341886080803e-14,-1.1368683772161605e-13,0.0,2.8421709430404014e-14,-8.673617379884035e-19,0.0,2.710505431213761e-20,-1.4210854715202004e-14,0.0,0.0,0.0,-1.4210854715202004e-14,5.551115123125783e-17,2.8421709430404014e-14,4.440892098500626e-16,0.0,1.4551915228366852e-11,-1.4210854715202004e-14,7.105427357601002e-15,3.469446951953614e-18,-0.6278220957736403,4644.0,0.0
97,2020-04-28,-0.2767943859375721,-0.7754427955052108,-0.1320034801818425,-1.4551915228366852e-11,0.0,5.684341886080803e-14,-1.1368683772161605e-13,0.0,2.8421709430404014e-14,-8.673617379884035e-19,0.0,2.710505431213761e-20,-1.4210854715202004e-14,0.0,0.0,0.0,-1.4210854715202004e-14,5.551115123125783e-17,2.8421709430404014e-14,4.440892098500626e-16,0.0,1.4551915228366852e-11,-1.4210854715202004e-14,7.105427357601002e-15,3.469446951953614e-18,-0.6278220957736403,4965.0,0.0
98,2020-04-29,-0.4004461441185805,1.5253826073804178,0.1158867284759236,-1.4551915228366852e-11,0.0,5.684341886080803e-14,-1.1368683772161605e-13,0.0,2.8421709430404014e-14,-8.673617379884035e-19,0.0,2.710505431213761e-20,-1.4210854715202004e-14,0.0,0.0,0.0,-1.4210854715202004e-14,5.551115123125783e-17,2.8421709430404014e-14,4.440892098500626e-16,0.0,1.4551915228366852e-11,-1.4210854715202004e-14,7.105427357601002e-15,3.469446951953614e-18,-0.6278220957736403,4489.0,0.0
99,2020-04-30,-0.080785982666656,0.7665241048398199,-0.1642842049077403,-1.4551915228366852e-11,0.0,5.684341886080803e-14,-1.1368683772161605e-13,0.0,2.8421709430404014e-14,-8.673617379884035e-19,0.0,2.710505431213761e-20,-1.4210854715202004e-14,0.0,0.0,0.0,-1.4210854715202004e-14,5.551115123125783e-17,2.8421709430404014e-14,4.440892098500626e-16,0.0,1.4551915228366852e-11,-1.4210854715202004e-14,7.105427357601002e-15,3.469446951953614e-18,-0.6278220957736403,5182.0,0.0
100,2020-05-01,0.2653653354891896,-0.6980827131839628,-0.3100995963475128,-1.4551915228366852e-11,0.0,5.684341886080803e-14,-1.1368683772161605e-13,0.0,2.8421709430404014e-14,-8.673617379884035e-19,0.0,2.710505431213761e-20,-1.4210854715202004e-14,0.0,0.0,0.0,-1.4210854715202004e-14,5.551115123125783e-17,2.8421709430404014e-14,4.440892098500626e-16,0.0,1.4551915228366852e-11,-1.4210854715202004e-14,7.105427357601002e-15,3.469446951953614e-18,-0.6278220957736403,8644.0,0.0
101,2020-05-02,-0.1813256451492705,-0.9299201046047284,0.0939423710806896,-1.4551915228366852e-11,0.0,5.684341886080803e-14,-1.1368683772161605e-13,0.0,2.8421709430404014e-14,-8.673617379884035e-19,0.0,2.710505431213761e-20,-1.4210854715202004e-14,0.0,0.0,0.0,-1.4210854715202004e-14,5.551115123125783e-17,2.8421709430404014e-14,4.440892098500626e-16,0.0,1.4551915228366852e-11,-1.4210854715202004e-14,7.105427357601002e-15,3.469446951953614e-18,1.5928079096479393,6066.0,0.0
102,2020-05-03,-0.4209130417718323,-0.9453204151683356,0.4502296139408188,-1.4551915228366852e-11,0.0,5.684341886080803e-14,-1.1368683772161605e-13,0.0,2.8421709430404014e-14,-8.673617379884035e-19,0.0,2.710505431213761e-20,-1.4210854715202004e-14,0.0,0.0,0.0,-1.4210854715202004e-14,5.551115123125783e-17,2.8421709430404014e-14,4.440892098500626e-16,0.0,1.4551915228366852e-11,-1.4210854715202004e-14,7.105427357601002e-15,3.469446951953614e-18,1.5928079096479393,4686.0,0.0
103,2020-05-04,-0.1760511234512627,-0.1764545846822538,0.4340460446791565,-1.4551915228366852e-11,0.0,5.684341886080803e-14,-1.1368683772161605e-13,0.0,2.8421709430404014e-14,-8.673617379884035e-19,0.0,2.710505431213761e-20,-1.4210854715202004e-14,0.0,0.0,0.0,-1.4210854715202004e-14,5.551115123125783e-17,2.8421709430404014e-14,4.440892098500626e-16,0.0,1.4551915228366852e-11,-1.4210854715202004e-14,7.105427357601002e-15,3.469446951953614e-18,-0.6278220957736403,5100.0,0.0
104,2020-05-05,0.0756450848359634,-0.1222672729612187,0.2325582682171873,-1.4551915228366852e-11,0.0,5.684341886080803e-14,-1.1368683772161605e-13,0.0,2.8421709430404014e-14,-8.673617379884035e-19,0.0,2.710505431213761e-20,-1.4210854715202004e-14,0.0,0.0,0.0,-1.4210854715202004e-14,5.551115123125783e-17,2.8421709430404014e-14,4.440892098500626e-16,0.0,1.4551915228366852e-11,-1.4210854715202004e-14,7.105427357601002e-15,3.469446951953614e-18,-0.6278220957736403,4913.0,0.0
105,2020-05-06,-0.1030407155454855,-0.1422316538500643,-0.284979424221286,-1.4551915228366852e-11,0.0,5.684341886080803e-14,-1.1368683772161605e-13,0.0,2.8421709430404014e-14,-8.673617379884035e-19,0.0,2.710505431213761e-20,-1.4210854715202004e-14,0.0,0.0,0.0,-1.4210854715202004e-14,5.551115123125783e-17,2.8421709430404014e-14,4.440892098500626e-16,0.0,1.4551915228366852e-11,-1.4210854715202004e-14,7.105427357601002e-15,3.469446951953614e-18,-0.6278220957736403,5070.0,0.0
106,2020-05-07,0.0058171284900852,-0.7722410210728495,-0.7763218087982096,-1.4551915228366852e-11,0.0,5.684341886080803e-14,-1.1368683772161605e-13,0.0,2.8421709430404014e-14,-8.673617379884035e-19,0.0,2.710505431213761e-20,-1.4210854715202004e-14,0.0,0.0,0.0,-1.4210854715202004e-14,5.551115123125783e-17,2.8421709430404014e-14,4.440892098500626e-16,0.0,1.4551915228366852e-11,-1.4210854715202004e-14,7.105427357601002e-15,3.469446951953614e-18,-0.6278220957736403,6159.0,0.0
107,2020-05-08,0.269055039418809,-0.3929426592489987,-0.6909855689775227,-1.4551915228366852e-11,0.0,5.684341886080803e-14,-1.1368683772161605e-13,0.0,2.8421709430404014e-14,-8.673617379884035e-19,0.0,2.710505431213761e-20,-1.4210854715202004e-14,0.0,0.0,0.0,-1.4210854715202004e-14,5.551115123125783e-17,2.8421709430404014e-14,4.440892098500626e-16,0.0,1.4551915228366852e-11,-1.4210854715202004e-14,7.105427357601002e-15,3.469446951953614e-18,-0.6278220957736403,5223.0,0.0
108,2020-05-09,0.073465923995273,0.4821639202578607,-1.0017402702874283,-1.4551915228366852e-11,0.0,5.684341886080803e-14,-1.1368683772161605e-13,0.0,2.8421709430404014e-14,-8.673617379884035e-19,0.0,2.710505431213761e-20,-1.4210854715202004e-14,0.0,0.0,0.0,-1.4210854715202004e-14,5.551115123125783e-17,2.8421709430404014e-14,4.440892098500626e-16,0.0,1.4551915228366852e-11,-1.4210854715202004e-14,7.105427357601002e-15,3.469446951953614e-18,1.5928079096479393,5664.0,0.0
109,2020-05-10,-0.2177265004593499,-0.935222789929232,-0.9250814870299044,-1.4551915228366852e-11,0.0,5.684341886080803e-14,-1.1368683772161605e-13,0.0,2.8421709430404014e-14,-8.673617379884035e-19,0.0,2.710505431213761e-20,-1.4210854715202004e-14,0.0,0.0,0.0,-1.4210854715202004e-14,5.551115123125783e-17,2.8421709430404014e-14,4.440892098500626e-16,0.0,1.4551915228366852e-11,-1.4210854715202004e-14,7.105427357601002e-15,3.469446951953614e-18,1.5928079096479393,4765.0,0.0
110,2020-05-11,0.0335550803525408,-0.8560133079464127,-0.6355199389502972,-1.4551915228366852e-11,0.0,5.684341886080803e-14,-1.1368683772161605e-13,0.0,2.8421709430404014e-14,-8.673617379884035e-19,0.0,2.710505431213761e-20,-1.4210854715202004e-14,0.0,0.0,0.0,-1.4210854715202004e-14,5.551115123125783e-17,2.8421709430404014e-14,4.440892098500626e-16,0.0,1.4551915228366852e-11,-1.4210854715202004e-14,7.105427357601002e-15,3.469446951953614e-18,-0.6278220957736403,4652.0,0.0
111,2020-05-12,0.3013030663273454,-0.8590959087583668,-0.7876470451678995,-1.4551915228366852e-11,0.0,5.684341886080803e-14,-1.1368683772161605e-13,0.0,2.8421709430404014e-14,-8.673617379884035e-19,0.0,2.710505431213761e-20,-1.4210854715202004e-14,0.0,0.0,0.0,-1.4210854715202004e-14,5.551115123125783e-17,2.8421709430404014e-14,4.440892098500626e-16,0.0,1.4551915228366852e-11,-1.4210854715202004e-14,7.105427357601002e-15,3.469446951953614e-18,-0.6278220957736403,4813.0,0.0
112,2020-05-13,-0.0202573618257309,-0.6596159463324267,-0.5291487936378811,-1.4551915228366852e-11,0.0,5.684341886080803e-14,-1.1368683772161605e-13,0.0,2.8421709430404014e-14,-8.673617379884035e-19,0.0,2.710505431213761e-20,-1.4210854715202004e-14,0.0,0.0,0.0,-1.4210854715202004e-14,5.551115123125783e-17,2.8421709430404014e-14,4.440892098500626e-16,0.0,1.4551915228366852e-11,-1.4210854715202004e-14,7.105427357601002e-15,3.469446951953614e-18,-0.6278220957736403,5160.0,0.0
113,2020-05-14,0.2875584640750555,-0.754637206815039,-0.002220414276975,-1.4551915228366852e-11,0.0,5.684341886080803e-14,-1.1368683772161605e-13,0.0,2.8421709430404014e-14,-8.673617379884035e-19,0.0,2.710505431213761e-20,-1.4210854715202004e-14,0.0,0.0,0.0,-1.4210854715202004e-14,5.551115123125783e-17,2.8421709430404014e-14,4.440892098500626e-16,0.0,1.4551915228366852e-11,-1.4210854715202004e-14,7.105427357601002e-15,3.469446951953614e-18,-0.6278220957736403,6874.0,0.0
114,2020-05-15,0.3203153453562024,-0.2691576800904703,0.4453163920095871,-1.4551915228366852e-11,0.0,5.684341886080803e-14,-1.1368683772161605e-13,0.0,2.8421709430404014e-14,-8.673617379884035e-19,0.0,2.710505431213761e-20,-1.4210854715202004e-14,0.0,0.0,0.0,-1.4210854715202004e-14,5.551115123125783e-17,2.8421709430404014e-14,4.440892098500626e-16,0.0,1.4551915228366852e-11,-1.4210854715202004e-14,7.105427357601002e-15,3.469446951953614e-18,-0.6278220957736403,5913.0,0.0
115,2020-05-16,0.3703584203702185,-0.3966243329956534,0.592566728788943,-1.4551915228366852e-11,0.0,5.684341886080803e-14,-1.1368683772161605e-13,0.0,2.8421709430404014e-14,-8.673617379884035e-19,0.0,2.710505431213761e-20,-1.4210854715202004e-14,0.0,0.0,0.0,-1.4210854715202004e-14,5.551115123125783e-17,2.8421709430404014e-14,4.440892098500626e-16,0.0,1.4551915228366852e-11,-1.4210854715202004e-14,7.105427357601002e-15,3.469446951953614e-18,1.5928079096479393,5811.0,0.0
116,2020-05-17,0.612222554373153,-0.0275092267413812,0.6418875954141386,-1.4551915228366852e-11,0.0,5.684341886080803e-14,-1.1368683772161605e-13,0.0,2.8421709430404014e-14,-8.673617379884035e-19,0.0,2.710505431213761e-20,-1.4210854715202004e-14,0.0,0.0,0.0,-1.4210854715202004e-14,5.551115123125783e-17,2.8421709430404014e-14,4.440892098500626e-16,0.0,1.4551915228366852e-11,-1.4210854715202004e-14,7.105427357601002e-15,3.469446951953614e-18,1.5928079096479393,4103.0,0.0
117,2020-05-18,0.1800959645569382,0.2775408445174173,0.4955536042545305,-1.4551915228366852e-11,0.0,5.684341886080803e-14,-1.1368683772161605e-13,0.0,2.8421709430404014e-14,-8.673617379884035e-19,0.0,2.710505431213761e-20,-1.4210854715202004e-14,0.0,0.0,0.0,-1.4210854715202004e-14,5.551115123125783e-17,2.8421709430404014e-14,4.440892098500626e-16,0.0,1.4551915228366852e-11,-1.4210854715202004e-14,7.105427357601002e-15,3.469446951953614e-18,-0.6278220957736403,5477.0,0.0
118,2020-05-19,0.7828427071118086,1.5614996268790484,0.2184642148213674,-1.4551915228366852e-11,0.0,5.684341886080803e-14,-1.1368683772161605e-13,0.0,2.8421709430404014e-14,-8.673617379884035e-19,0.0,2.710505431213761e-20,-1.4210854715202004e-14,0.0,0.0,0.0,-1.4210854715202004e-14,5.551115123125783e-17,2.8421709430404014e-14,4.440892098500626e-16,0.0,1.4551915228366852e-11,-1.4210854715202004e-14,7.105427357601002e-15,3.469446951953614e-18,-0.6278220957736403,6459.0,0.0
119,2020-05-20,0.8322525540742759,1.0864841637936855,-0.1236115961154275,-1.4551915228366852e-11,0.0,5.684341886080803e-14,-1.1368683772161605e-13,0.0,2.8421709430404014e-14,-8.673617379884035e-19,0.0,2.710505431213761e-20,-1.4210854715202004e-14,0.0,0.0,0.0,-1.4210854715202004e-14,5.551115123125783e-17,2.8421709430404014e-14,4.440892098500626e-16,0.0,1.4551915228366852e-11,-1.4210854715202004e-14,7.105427357601002e-15,3.469446951953614e-18,-0.6278220957736403,5098.0,0.0
120,2020-05-21,0.5244164846824211,1.1448314875893937,-0.0655051790431527,-1.4551915228366852e-11,0.0,5.684341886080803e-14,-1.1368683772161605e-13,0.0,2.8421709430404014e-14,-8.673617379884035e-19,0.0,2.710505431213761e-20,-1.4210854715202004e-14,0.0,0.0,0.0,-1.4210854715202004e-14,5.551115123125783e-17,2.8421709430404014e-14,4.440892098500626e-16,0.0,1.4551915228366852e-11,-1.4210854715202004e-14,7.105427357601002e-15,3.469446951953614e-18,-0.6278220957736403,8391.0,0.0
121,2020-05-22,0.6944787035053719,0.6072155929077937,0.3063921355508164,-1.4551915228366852e-11,0.0,5.684341886080803e-14,-1.1368683772161605e-13,0.0,2.8421709430404014e-14,-8.673617379884035e-19,0.0,2.710505431213761e-20,-1.4210854715202004e-14,0.0,0.0,0.0,-1.4210854715202004e-14,5.551115123125783e-17,2.8421709430404014e-14,4.440892098500626e-16,0.0,1.4551915228366852e-11,-1.4210854715202004e-14,7.105427357601002e-15,3.469446951953614e-18,-0.6278220957736403,6080.0,0.0
122,2020-05-23,0.684033499023973,0.5930186679727101,0.6306807779068851,-1.4551915228366852e-11,0.0,5.684341886080803e-14,-1.1368683772161605e-13,0.0,2.8421709430404014e-14,-8.673617379884035e-19,0.0,2.710505431213761e-20,-1.4210854715202004e-14,0.0,0.0,0.0,-1.4210854715202004e-14,5.551115123125783e-17,2.8421709430404014e-14,4.440892098500626e-16,0.0,1.4551915228366852e-11,-1.4210854715202004e-14,7.105427357601002e-15,3.469446951953614e-18,1.5928079096479393,6321.0,0.0
123,2020-05-24,0.4029214593016388,-0.2567030465918036,0.7581918600331626,-1.4551915228366852e-11,0.0,5.684341886080803e-14,-1.1368683772161605e-13,0.0,2.8421709430404014e-14,-8.673617379884035e-19,0.0,2.710505431213761e-20,-1.4210854715202004e-14,0.0,0.0,0.0,-1.4210854715202004e-14,5.551115123125783e-17,2.8421709430404014e-14,4.440892098500626e-16,0.0,1.4551915228366852e-11,-1.4210854715202004e-14,7.105427357601002e-15,3.469446951953614e-18,1.5928079096479393,5647.0,0.0
124,2020-05-25,0.8912160180913754,-0.1346602355622497,0.7567159642701734,-1.4551915228366852e-11,0.0,5.684341886080803e-14,-1.1368683772161605e-13,0.0,2.8421709430404014e-14,-8.673617379884035e-19,0.0,2.710505431213761e-20,-1.4210854715202004e-14,0.0,0.0,0.0,-1.4210854715202004e-14,5.551115123125783e-17,2.8421709430404014e-14,4.440892098500626e-16,0.0,1.4551915228366852e-11,-1.4210854715202004e-14,7.105427357601002e-15,3.469446951953614e-18,-0.6278220957736403,6689.0,0.0
125,2020-05-26,-0.2387985182952569,0.1275019348859701,0.6894988573805325,-1.4551915228366852e-11,0.0,5.684341886080803e-14,-1.1368683772161605e-13,0.0,2.8421709430404014e-14,-8.673617379884035e-19,0.0,2.710505431213761e-20,-1.4210854715202004e-14,0.0,0.0,0.0,-1.4210854715202004e-14,5.551115123125783e-17,2.8421709430404014e-14,4.440892098500626e-16,0.0,1.4551915228366852e-11,-1.4210854715202004e-14,7.105427357601002e-15,3.469446951953614e-18,-0.6278220957736403,5761.0,0.0
126,2020-05-27,-1.7243853149257249,0.3201557117328297,0.6089754856559089,-1.4551915228366852e-11,0.0,5.684341886080803e-14,-1.1368683772161605e-13,0.0,2.8421709430404014e-14,-8.673617379884035e-19,0.0,2.710505431213761e-20,-1.4210854715202004e-14,0.0,0.0,0.0,-1.4210854715202004e-14,5.551115123125783e-17,2.8421709430404014e-14,4.440892098500626e-16,0.0,1.4551915228366852e-11,-1.4210854715202004e-14,7.105427357601002e-15,3.469446951953614e-18,-0.6278220957736403,5446.0,0.0
127,2020-05-28,0.1281548073911665,1.2488149444583647,0.6395606245771365,-1.4551915228366852e-11,0.0,5.684341886080803e-14,-1.1368683772161605e-13,0.0,2.8421709430404014e-14,-8.673617379884035e-19,0.0,2.710505431213761e-20,-1.4210854715202004e-14,0.0,0.0,0.0,-1.4210854715202004e-14,5.551115123125783e-17,2.8421709430404014e-14,4.440892098500626e-16,0.0,1.4551915228366852e-11,-1.4210854715202004e-14,7.105427357601002e-15,3.469446951953614e-18,-0.6278220957736403,6866.0,0.0
128,2020-05-29,0.9970620966931776,0.1621216395425566,0.7911767955401492,-1.4551915228366852e-11,0.0,5.684341886080803e-14,-1.1368683772161605e-13,0.0,2.8421709430404014e-14,-8.673617379884035e-19,0.0,2.710505431213761e-20,-1.4210854715202004e-14,0.0,0.0,0.0,-1.4210854715202004e-14,5.551115123125783e-17,2.8421709430404014e-14,4.440892098500626e-16,0.0,1.4551915228366852e-11,-1.4210854715202004e-14,7.105427357601002e-15,3.469446951953614e-18,-0.6278220957736403,8523.0,0.0
129,2020-05-30,-0.2060206653399096,-0.075875220729296,0.7276733200789814,-1.4551915228366852e-11,0.0,5.684341886080803e-14,-1.1368683772161605e-13,0.0,2.8421709430404014e-14,-8.673617379884035e-19,0.0,2.710505431213761e-20,-1.4210854715202004e-14,0.0,0.0,0.0,-1.4210854715202004e-14,5.551115123125783e-17,2.8421709430404014e-14,4.440892098500626e-16,0.0,1.4551915228366852e-11,-1.4210854715202004e-14,7.105427357601002e-15,3.469446951953614e-18,1.5928079096479393,7078.0,0.0
130,2020-05-31,0.4777007696715631,-0.7853747683296839,0.547346830037786,-1.4551915228366852e-11,0.0,5.684341886080803e-14,-1.1368683772161605e-13,0.0,2.8421709430404014e-14,-8.673617379884035e-19,0.0,2.710505431213761e-20,-1.4210854715202004e-14,0.0,0.0,0.0,-1.4210854715202004e-14,5.551115123125783e-17,2.8421709430404014e-14,4.440892098500626e-16,0.0,1.4551915228366852e-11,-1.4210854715202004e-14,7.105427357601002e-15,3.469446951953614e-18,1.5928079096479393,4536.0,0.0
131,2020-06-01,0.0811297601858537,-0.9333021861101892,0.3522938382518845,-1.4551915228366852e-11,0.0,5.684341886080803e-14,-1.1368683772161605e-13,0.0,2.8421709430404014e-14,-8.673617379884035e-19,0.0,2.710505431213761e-20,-1.4210854715202004e-14,0.0,0.0,0.0,-1.4210854715202004e-14,5.551115123125783e-17,2.8421709430404014e-14,4.440892098500626e-16,0.0,1.4551915228366852e-11,-1.4210854715202004e-14,7.105427357601002e-15,3.469446951953614e-18,-0.6278220957736403,7026.0,0.0
132,2020-06-02,0.1293686886721367,-0.8767120913030104,0.5128683265596865,-1.4551915228366852e-11,0.0,5.684341886080803e-14,-1.1368683772161605e-13,0.0,2.8421709430404014e-14,-8.673617379884035e-19,0.0,2.710505431213761e-20,-1.4210854715202004e-14,0.0,0.0,0.0,-1.4210854715202004e-14,5.551115123125783e-17,2.8421709430404014e-14,4.440892098500626e-16,0.0,1.4551915228366852e-11,-1.4210854715202004e-14,7.105427357601002e-15,3.469446951953614e-18,-0.6278220957736403,5937.0,0.0
133,2020-06-03,0.5907650363871889,-0.7302385424816419,0.8692425567463015,-1.4551915228366852e-11,0.0,5.684341886080803e-14,-1.1368683772161605e-13,0.0,2.8421709430404014e-14,-8.673617379884035e-19,0.0,2.710505431213761e-20,-1.4210854715202004e-14,0.0,0.0,0.0,-1.4210854715202004e-14,5.551115123125783e-17,2.8421709430404014e-14,4.440892098500626e-16,0.0,1.4551915228366852e-11,-1.4210854715202004e-14,7.105427357601002e-15,3.469446951953614e-18,-0.6278220957736403,6530.0,0.0
134,2020-06-04,0.5127687585769108,-0.2313165915760142,1.0325713968093029,-1.4551915228366852e-11,0.0,5.684341886080803e-14,-1.1368683772161605e-13,0.0,2.8421709430404014e-14,-8.673617379884035e-19,0.0,2.710505431213761e-20,-1.4210854715202004e-14,0.0,0.0,0.0,-1.4210854715202004e-14,5.551115123125783e-17,2.8421709430404014e-14,4.440892098500626e-16,0.0,1.4551915228366852e-11,-1.4210854715202004e-14,7.105427357601002e-15,3.469446951953614e-18,-0.6278220957736403,7729.0,0.0
135,2020-06-05,0.5070573269997296,0.5295786062865857,1.0593600363227158,-1.4551915228366852e-11,0.0,5.684341886080803e-14,-1.1368683772161605e-13,0.0,2.8421709430404014e-14,-8.673617379884035e-19,0.0,2.710505431213761e-20,-1.4210854715202004e-14,0.0,0.0,0.0,-1.4210854715202004e-14,5.551115123125783e-17,2.8421709430404014e-14,4.440892098500626e-16,0.0,1.4551915228366852e-11,-1.4210854715202004e-14,7.105427357601002e-15,3.469446951953614e-18,-0.6278220957736403,7203.0,0.0
136,2020-06-06,0.6535526269400669,0.3001722973886851,1.0493112547551846,-1.4551915228366852e-11,0.0,5.684341886080803e-14,-1.1368683772161605e-13,0.0,2.8421709430404014e-14,-8.673617379884035e-19,0.0,2.710505431213761e-20,-1.4210854715202004e-14,0.0,0.0,0.0,-1.4210854715202004e-14,5.551115123125783e-17,2.8421709430404014e-14,4.440892098500626e-16,0.0,1.4551915228366852e-11,-1.4210854715202004e-14,7.105427357601002e-15,3.469446951953614e-18,1.5928079096479393,7958.0,0.0
137,2020-06-07,0.6188903816758451,0.2268627329373389,1.0585532911142042,-1.4551915228366852e-11,0.0,5.684341886080803e-14,-1.1368683772161605e-13,0.0,2.8421709430404014e-14,-8.673617379884035e-19,0.0,2.710505431213761e-20,-1.4210854715202004e-14,0.0,0.0,0.0,-1.4210854715202004e-14,5.551115123125783e-17,2.8421709430404014e-14,4.440892098500626e-16,0.0,1.4551915228366852e-11,-1.4210854715202004e-14,7.105427357601002e-15,3.469446951953614e-18,1.5928079096479393,6194.0,0.0
138,2020-06-08,0.1993393689118783,0.7796081826758806,0.9795854393003052,-1.4551915228366852e-11,0.0,5.684341886080803e-14,-1.1368683772161605e-13,0.0,2.8421709430404014e-14,-8.673617379884035e-19,0.0,2.710505431213761e-20,-1.4210854715202004e-14,0.0,0.0,0.0,-1.4210854715202004e-14,5.551115123125783e-17,2.8421709430404014e-14,4.440892098500626e-16,0.0,1.4551915228366852e-11,-1.4210854715202004e-14,7.105427357601002e-15,3.469446951953614e-18,-0.6278220957736403,6573.0,0.0
139,2020-06-09,0.3957443407164575,0.1301698072140371,1.0463034017346855,-1.4551915228366852e-11,0.0,5.684341886080803e-14,-1.1368683772161605e-13,0.0,2.8421709430404014e-14,-8.673617379884035e-19,0.0,2.710505431213761e-20,-1.4210854715202004e-14,0.0,0.0,0.0,-1.4210854715202004e-14,5.551115123125783e-17,2.8421709430404014e-14,4.440892098500626e-16,0.0,1.4551915228366852e-11,-1.4210854715202004e-14,7.105427357601002e-15,3.469446951953614e-18,-0.6278220957736403,6619.0,0.0
140,2020-06-10,0.6979764583614076,0.2800446113012548,1.1705004473143474,-1.4551915228366852e-11,0.0,5.684341886080803e-14,-1.1368683772161605e-13,0.0,2.8421709430404014e-14,-8.673617379884035e-19,0.0,2.710505431213761e-20,-1.4210854715202004e-14,0.0,0.0,0.0,-1.4210854715202004e-14,5.551115123125783e-17,2.8421709430404014e-14,4.440892098500626e-16,0.0,1.4551915228366852e-11,-1.4210854715202004e-14,7.105427357601002e-15,3.469446951953614e-18,-0.6278220957736403,6895.0,0.0
141,2020-06-11,0.3611940900179302,0.0944566765404004,0.9295778357916432,-1.4551915228366852e-11,0.0,5.684341886080803e-14,-1.1368683772161605e-13,0.0,2.8421709430404014e-14,-8.673617379884035e-19,0.0,2.710505431213761e-20,-1.4210854715202004e-14,0.0,0.0,0.0,-1.4210854715202004e-14,5.551115123125783e-17,2.8421709430404014e-14,4.440892098500626e-16,0.0,1.4551915228366852e-11,-1.4210854715202004e-14,7.105427357601002e-15,3.469446951953614e-18,-0.6278220957736403,8086.0,0.0
142,2020-06-12,1.100934653370753,-0.3352645256630649,0.7252588716186065,-1.4551915228366852e-11,0.0,5.684341886080803e-14,-1.1368683772161605e-13,0.0,2.8421709430404014e-14,-8.673617379884035e-19,0.0,2.710505431213761e-20,-1.4210854715202004e-14,0.0,0.0,0.0,-1.4210854715202004e-14,5.551115123125783e-17,2.8421709430404014e-14,4.440892098500626e-16,0.0,1.4551915228366852e-11,-1.4210854715202004e-14,7.105427357601002e-15,3.469446951953614e-18,-0.6278220957736403,10163.0,0.0
143,2020-06-13,0.9291127071911184,-0.5046923539102764,0.7004131230502211,-1.4551915228366852e-11,0.0,5.684341886080803e-14,-1.1368683772161605e-13,0.0,2.8421709430404014e-14,-8.673617379884035e-19,0.0,2.710505431213761e-20,-1.4210854715202004e-14,0.0,0.0,0.0,-1.4210854715202004e-14,5.551115123125783e-17,2.8421709430404014e-14,4.440892098500626e-16,0.0,1.4551915228366852e-11,-1.4210854715202004e-14,7.105427357601002e-15,3.469446951953614e-18,1.5928079096479393,10281.0,0.0
144,2020-06-14,0.6572222330152446,-0.7773179133658604,0.6340272173981435,-1.4551915228366852e-11,0.0,5.684341886080803e-14,-1.1368683772161605e-13,0.0,2.8421709430404014e-14,-8.673617379884035e-19,0.0,2.710505431213761e-20,-1.4210854715202004e-14,0.0,0.0,0.0,-1.4210854715202004e-14,5.551115123125783e-17,2.8421709430404014e-14,4.440892098500626e-16,0.0,1.4551915228366852e-11,-1.4210854715202004e-14,7.105427357601002e-15,3.469446951953614e-18,1.5928079096479393,8616.0,0.0
145,2020-06-15,0.4964066292384934,-0.1756491520219501,0.5130574381895691,-1.4551915228366852e-11,0.0,5.684341886080803e-14,-1.1368683772161605e-13,0.0,2.8421709430404014e-14,-8.673617379884035e-19,0.0,2.710505431213761e-20,-1.4210854715202004e-14,0.0,0.0,0.0,-1.4210854715202004e-14,5.551115123125783e-17,2.8421709430404014e-14,4.440892098500626e-16,0.0,1.4551915228366852e-11,-1.4210854715202004e-14,7.105427357601002e-15,3.469446951953614e-18,-0.6278220957736403,7694.0,0.0
146,2020-06-16,0.3003806039357839,-0.0611644012377737,0.3286415111648207,-1.4551915228366852e-11,0.0,5.684341886080803e-14,-1.1368683772161605e-13,0.0,2.8421709430404014e-14,-8.673617379884035e-19,0.0,2.710505431213761e-20,-1.4210854715202004e-14,0.0,0.0,0.0,-1.4210854715202004e-14,5.551115123125783e-17,2.8421709430404014e-14,4.440892098500626e-16,0.0,1.4551915228366852e-11,-1.4210854715202004e-14,7.105427357601002e-15,3.469446951953614e-18,-0.6278220957736403,8979.0,0.0
147,2020-06-17,0.7089618290900911,0.0707234389127217,0.3070808420518059,-1.4551915228366852e-11,0.0,5.684341886080803e-14,-1.1368683772161605e-13,0.0,2.8421709430404014e-14,-8.673617379884035e-19,0.0,2.710505431213761e-20,-1.4210854715202004e-14,0.0,0.0,0.0,-1.4210854715202004e-14,5.551115123125783e-17,2.8421709430404014e-14,4.440892098500626e-16,0.0,1.4551915228366852e-11,-1.4210854715202004e-14,7.105427357601002e-15,3.469446951953614e-18,-0.6278220957736403,8369.0,0.0
148,2020-06-18,0.6185842534871707,-0.0927452745448174,0.4948537988784213,-1.4551915228366852e-11,0.0,5.684341886080803e-14,-1.1368683772161605e-13,0.0,2.8421709430404014e-14,-8.673617379884035e-19,0.0,2.710505431213761e-20,-1.4210854715202004e-14,0.0,0.0,0.0,-1.4210854715202004e-14,5.551115123125783e-17,2.8421709430404014e-14,4.440892098500626e-16,0.0,1.4551915228366852e-11,-1.4210854715202004e-14,7.105427357601002e-15,3.469446951953614e-18,-0.6278220957736403,9522.0,0.0
149,2020-06-19,0.7256581944860763,-0.3709811263427337,0.7358175486727082,-1.4551915228366852e-11,0.0,5.684341886080803e-14,-1.1368683772161605e-13,0.0,2.8421709430404014e-14,-8.673617379884035e-19,0.0,2.710505431213761e-20,-1.4210854715202004e-14,0.0,0.0,0.0,-1.4210854715202004e-14,5.551115123125783e-17,2.8421709430404014e-14,4.440892098500626e-16,0.0,1.4551915228366852e-11,-1.4210854715202004e-14,7.105427357601002e-15,3.469446951953614e-18,-0.6278220957736403,12277.0,0.0
150,2020-06-20,1.0020376263972035,-0.1519672824296342,0.8671611300114419,-1.4551915228366852e-11,0.0,5.684341886080803e-14,-1.1368683772161605e-13,0.0,2.8421709430404014e-14,-8.673617379884035e-19,0.0,2.710505431213761e-20,-1.4210854715202004e-14,0.0,0.0,0.0,-1.4210854715202004e-14,5.551115123125783e-17,2.8421709430404014e-14,4.440892098500626e-16,0.0,1.4551915228366852e-11,-1.4210854715202004e-14,7.105427357601002e-15,3.469446951953614e-18,1.5928079096479393,10924.0,0.0
151,2020-06-21,0.4363584636280326,-0.1419563449465742,0.9627298970095616,-1.4551915228366852e-11,0.0,5.684341886080803e-14,-1.1368683772161605e-13,0.0,2.8421709430404014e-14,-8.673617379884035e-19,0.0,2.710505431213761e-20,-1.4210854715202004e-14,0.0,0.0,0.0,-1.4210854715202004e-14,5.551115123125783e-17,2.8421709430404014e-14,4.440892098500626e-16,0.0,1.4551915228366852e-11,-1.4210854715202004e-14,7.105427357601002e-15,3.469446951953614e-18,1.5928079096479393,9838.0,0.0
152,2020-06-22,0.5185167449473163,0.2353615614885327,1.0259693667376,-1.4551915228366852e-11,0.0,5.684341886080803e-14,-1.1368683772161605e-13,0.0,2.8421709430404014e-14,-8.673617379884035e-19,0.0,2.710505431213761e-20,-1.4210854715202004e-14,0.0,0.0,0.0,-1.4210854715202004e-14,5.551115123125783e-17,2.8421709430404014e-14,4.440892098500626e-16,0.0,1.4551915228366852e-11,-1.4210854715202004e-14,7.105427357601002e-15,3.469446951953614e-18,-0.6278220957736403,10790.0,0.0
153,2020-06-23,0.8211292654604,0.6047575607673127,1.0387109097464022,-1.4551915228366852e-11,0.0,5.684341886080803e-14,-1.1368683772161605e-13,0.0,2.8421709430404014e-14,-8.673617379884035e-19,0.0,2.710505431213761e-20,-1.4210854715202004e-14,0.0,0.0,0.0,-1.4210854715202004e-14,5.551115123125783e-17,2.8421709430404014e-14,4.440892098500626e-16,0.0,1.4551915228366852e-11,-1.4210854715202004e-14,7.105427357601002e-15,3.469446951953614e-18,-0.6278220957736403,12226.0,0.0
154,2020-06-24,0.7272966065329767,0.451165441321168,0.9359189778518896,-1.4551915228366852e-11,0.0,5.684341886080803e-14,-1.1368683772161605e-13,0.0,2.8421709430404014e-14,-8.673617379884035e-19,0.0,2.710505431213761e-20,-1.4210854715202004e-14,0.0,0.0,0.0,-1.4210854715202004e-14,5.551115123125783e-17,2.8421709430404014e-14,4.440892098500626e-16,0.0,1.4551915228366852e-11,-1.4210854715202004e-14,7.105427357601002e-15,3.469446951953614e-18,-0.6278220957736403,15001.0,0.0
155,2020-06-25,1.117762383003743,0.2207501946072645,0.8901864580646683,-1.4551915228366852e-11,0.0,5.684341886080803e-14,-1.1368683772161605e-13,0.0,2.8421709430404014e-14,-8.673617379884035e-19,0.0,2.710505431213761e-20,-1.4210854715202004e-14,0.0,0.0,0.0,-1.4210854715202004e-14,5.551115123125783e-17,2.8421709430404014e-14,4.440892098500626e-16,0.0,1.4551915228366852e-11,-1.4210854715202004e-14,7.105427357601002e-15,3.469446951953614e-18,-0.6278220957736403,14479.0,0.0
156,2020-06-26,1.1086985419236646,-0.1568030681016979,0.9089799749339688,-1.4551915228366852e-11,0.0,5.684341886080803e-14,-1.1368683772161605e-13,0.0,2.8421709430404014e-14,-8.673617379884035e-19,0.0,2.710505431213761e-20,-1.4210854715202004e-14,0.0,0.0,0.0,-1.4210854715202004e-14,5.551115123125783e-17,2.8421709430404014e-14,4.440892098500626e-16,0.0,1.4551915228366852e-11,-1.4210854715202004e-14,7.105427357601002e-15,3.469446951953614e-18,-0.6278220957736403,20426.0,0.0
157,2020-06-27,0.964748096392886,-0.538188046402476,1.0223506299130969,-1.4551915228366852e-11,0.0,5.684341886080803e-14,-1.1368683772161605e-13,0.0,2.8421709430404014e-14,-8.673617379884035e-19,0.0,2.710505431213761e-20,-1.4210854715202004e-14,0.0,0.0,0.0,-1.4210854715202004e-14,5.551115123125783e-17,2.8421709430404014e-14,4.440892098500626e-16,0.0,1.4551915228366852e-11,-1.4210854715202004e-14,7.105427357601002e-15,3.469446951953614e-18,1.5928079096479393,18209.0,0.0
158,2020-06-28,0.905473989451694,-0.0979325724470619,1.1737350670154894,-1.4551915228366852e-11,0.0,5.684341886080803e-14,-1.1368683772161605e-13,0.0,2.8421709430404014e-14,-8.673617379884035e-19,0.0,2.710505431213761e-20,-1.4210854715202004e-14,0.0,0.0,0.0,-1.4210854715202004e-14,5.551115123125783e-17,2.8421709430404014e-14,4.440892098500626e-16,0.0,1.4551915228366852e-11,-1.4210854715202004e-14,7.105427357601002e-15,3.469446951953614e-18,1.5928079096479393,15769.0,0.0
159,2020-06-29,0.9655223006987812,0.0487687242165063,1.2374544397567706,-1.4551915228366852e-11,0.0,5.684341886080803e-14,-1.1368683772161605e-13,0.0,2.8421709430404014e-14,-8.673617379884035e-19,0.0,2.710505431213761e-20,-1.4210854715202004e-14,0.0,0.0,0.0,-1.4210854715202004e-14,5.551115123125783e-17,2.8421709430404014e-14,4.440892098500626e-16,0.0,1.4551915228366852e-11,-1.4210854715202004e-14,7.105427357601002e-15,3.469446951953614e-18,-0.6278220957736403,17102.0,0.0
160,2020-06-30,1.1133006593176242,-0.2552495395455357,1.24097601686532,-1.4551915228366852e-11,0.0,5.684341886080803e-14,-1.1368683772161605e-13,0.0,2.8421709430404014e-14,-8.673617379884035e-19,0.0,2.710505431213761e-20,-1.4210854715202004e-14,0.0,0.0,0.0,-1.4210854715202004e-14,5.551115123125783e-17,2.8421709430404014e-14,4.440892098500626e-16,0.0,1.4551915228366852e-11,-1.4210854715202004e-14,7.105427357601002e-15,3.469446951953614e-18,-0.6278220957736403,17721.0,0.0
161,2020-07-01,1.597544189707665,0.512082032550284,1.15670734012684,-1.4551915228366852e-11,0.0,5.684341886080803e-14,-1.1368683772161605e-13,0.0,2.8421709430404014e-14,-8.673617379884035e-19,0.0,2.710505431213761e-20,-1.4210854715202004e-14,0.0,0.0,0.0,-1.4210854715202004e-14,5.551115123125783e-17,2.8421709430404014e-14,4.440892098500626e-16,0.0,1.4551915228366852e-11,-1.4210854715202004e-14,7.105427357601002e-15,3.469446951953614e-18,-0.6278220957736403,19116.0,0.0
162,2020-07-02,1.7982702002172692,0.1830982518446633,1.135106836932448,-1.4551915228366852e-11,0.0,5.684341886080803e-14,-1.1368683772161605e-13,0.0,2.8421709430404014e-14,-8.673617379884035e-19,0.0,2.710505431213761e-20,-1.4210854715202004e-14,0.0,0.0,0.0,-1.4210854715202004e-14,5.551115123125783e-17,2.8421709430404014e-14,4.440892098500626e-16,0.0,1.4551915228366852e-11,-1.4210854715202004e-14,7.105427357601002e-15,3.469446951953614e-18,-0.6278220957736403,23439.0,0.0
163,2020-07-03,1.5040175133322893,-0.4614876069445893,1.2181638838431688,-1.4551915228366852e-11,0.0,5.684341886080803e-14,-1.1368683772161605e-13,0.0,2.8421709430404014e-14,-8.673617379884035e-19,0.0,2.710505431213761e-20,-1.4210854715202004e-14,0.0,0.0,0.0,-1.4210854715202004e-14,5.551115123125783e-17,2.8421709430404014e-14,4.440892098500626e-16,0.0,1.4551915228366852e-11,-1.4210854715202004e-14,7.105427357601002e-15,3.469446951953614e-18,-0.6278220957736403,24747.0,0.0
164,2020-07-04,1.407928651788814,-0.3859604832449668,1.2632941518695864,-1.4551915228366852e-11,0.0,5.684341886080803e-14,-1.1368683772161605e-13,0.0,2.8421709430404014e-14,-8.673617379884035e-19,0.0,2.710505431213761e-20,-1.4210854715202004e-14,0.0,0.0,0.0,-1.4210854715202004e-14,5.551115123125783e-17,2.8421709430404014e-14,4.440892098500626e-16,0.0,1.4551915228366852e-11,-1.4210854715202004e-14,7.105427357601002e-15,3.469446951953614e-18,1.5928079096479393,22238.0,0.0
165,2020-07-05,1.155921654940869,-0.2836512497514167,1.2505641051009724,-1.4551915228366852e-11,0.0,5.684341886080803e-14,-1.1368683772161605e-13,0.0,2.8421709430404014e-14,-8.673617379884035e-19,0.0,2.710505431213761e-20,-1.4210854715202004e-14,0.0,0.0,0.0,-1.4210854715202004e-14,5.551115123125783e-17,2.8421709430404014e-14,4.440892098500626e-16,0.0,1.4551915228366852e-11,-1.4210854715202004e-14,7.105427357601002e-15,3.469446951953614e-18,1.5928079096479393,20654.0,0.0
166,2020-07-06,0.5661083186292905,0.0776352863544633,1.210690088532251,-1.4551915228366852e-11,0.0,5.684341886080803e-14,-1.1368683772161605e-13,0.0,2.8421709430404014e-14,-8.673617379884035e-19,0.0,2.710505431213761e-20,-1.4210854715202004e-14,0.0,0.0,0.0,-1.4210854715202004e-14,5.551115123125783e-17,2.8421709430404014e-14,4.440892098500626e-16,0.0,1.4551915228366852e-11,-1.4210854715202004e-14,7.105427357601002e-15,3.469446951953614e-18,-0.6278220957736403,16809.0,0.0
167,2020-07-07,1.2480962408768297,0.6125313056329356,1.1915530729544268,-1.4551915228366852e-11,0.0,5.684341886080803e-14,-1.1368683772161605e-13,0.0,2.8421709430404014e-14,-8.673617379884035e-19,0.0,2.710505431213761e-20,-1.4210854715202004e-14,0.0,0.0,0.0,-1.4210854715202004e-14,5.551115123125783e-17,2.8421709430404014e-14,4.440892098500626e-16,0.0,1.4551915228366852e-11,-1.4210854715202004e-14,7.105427357601002e-15,3.469446951953614e-18,-0.6278220957736403,19817.0,0.0
168,2020-07-08,1.5357306169120908,0.3069730829047785,1.2000671132589156,-1.4551915228366852e-11,0.0,5.684341886080803e-14,-1.1368683772161605e-13,0.0,2.8421709430404014e-14,-8.673617379884035e-19,0.0,2.710505431213761e-20,-1.4210854715202004e-14,0.0,0.0,0.0,-1.4210854715202004e-14,5.551115123125783e-17,2.8421709430404014e-14,4.440892098500626e-16,0.0,1.4551915228366852e-11,-1.4210854715202004e-14,7.105427357601002e-15,3.469446951953614e-18,-0.6278220957736403,23605.0,0.0
169,2020-07-09,1.44122715568351,-0.0939322470528589,1.2711350939175052,-1.4551915228366852e-11,0.0,5.684341886080803e-14,-1.1368683772161605e-13,0.0,2.8421709430404014e-14,-8.673617379884035e-19,0.0,2.710505431213761e-20,-1.4210854715202004e-14,0.0,0.0,0.0,-1.4210854715202004e-14,5.551115123125783e-17,2.8421709430404014e-14,4.440892098500626e-16,0.0,1.4551915228366852e-11,-1.4210854715202004e-14,7.105427357601002e-15,3.469446951953614e-18,-0.6278220957736403,25461.0,0.0
170,2020-07-10,2.076331880799841,-0.3095098948059491,1.3418751834792424,-1.4551915228366852e-11,0.0,5.684341886080803e-14,-1.1368683772161605e-13,0.0,2.8421709430404014e-14,-8.673617379884035e-19,0.0,2.710505431213761e-20,-1.4210854715202004e-14,0.0,0.0,0.0,-1.4210854715202004e-14,5.551115123125783e-17,2.8421709430404014e-14,4.440892098500626e-16,0.0,1.4551915228366852e-11,-1.4210854715202004e-14,7.105427357601002e-15,3.469446951953614e-18,-0.6278220957736403,28693.0,0.0
171,2020-07-11,1.4410379737058276,-0.1714080130266506,1.3429015758858571,-1.4551915228366852e-11,0.0,5.684341886080803e-14,-1.1368683772161605e-13,0.0,2.8421709430404014e-14,-8.673617379884035e-19,0.0,2.710505431213761e-20,-1.4210854715202004e-14,0.0,0.0,0.0,-1.4210854715202004e-14,5.551115123125783e-17,2.8421709430404014e-14,4.440892098500626e-16,0.0,1.4551915228366852e-11,-1.4210854715202004e-14,7.105427357601002e-15,3.469446951953614e-18,1.5928079096479393,25921.0,0.0
172,2020-07-12,1.6624344818723782,-0.3522734746794532,1.2211604639080376,-1.4551915228366852e-11,0.0,5.684341886080803e-14,-1.1368683772161605e-13,0.0,2.8421709430404014e-14,-8.673617379884035e-19,0.0,2.710505431213761e-20,-1.4210854715202004e-14,0.0,0.0,0.0,-1.4210854715202004e-14,5.551115123125783e-17,2.8421709430404014e-14,4.440892098500626e-16,0.0,1.4551915228366852e-11,-1.4210854715202004e-14,7.105427357601002e-15,3.469446951953614e-18,1.5928079096479393,28097.0,0.0
173,2020-07-13,1.8284034376739795,-0.2158087666722572,1.1835920824815669,-1.4551915228366852e-11,0.0,5.684341886080803e-14,-1.1368683772161605e-13,0.0,2.8421709430404014e-14,-8.673617379884035e-19,0.0,2.710505431213761e-20,-1.4210854715202004e-14,0.0,0.0,0.0,-1.4210854715202004e-14,5.551115123125783e-17,2.8421709430404014e-14,4.440892098500626e-16,0.0,1.4551915228366852e-11,-1.4210854715202004e-14,7.105427357601002e-15,3.469446951953614e-18,-0.6278220957736403,26971.0,0.0
174,2020-07-14,1.8902404579664027,-0.7581400181279756,1.2044782065790856,-1.4551915228366852e-11,0.0,5.684341886080803e-14,-1.1368683772161605e-13,0.0,2.8421709430404014e-14,-8.673617379884035e-19,0.0,2.710505431213761e-20,-1.4210854715202004e-14,0.0,0.0,0.0,-1.4210854715202004e-14,5.551115123125783e-17,2.8421709430404014e-14,4.440892098500626e-16,0.0,1.4551915228366852e-11,-1.4210854715202004e-14,7.105427357601002e-15,3.469446951953614e-18,-0.6278220957736403,26964.0,0.0
175,2020-07-15,1.8176356480651248,-0.7458074697041094,1.304510422284287,-1.4551915228366852e-11,0.0,5.684341886080803e-14,-1.1368683772161605e-13,0.0,2.8421709430404014e-14,-8.673617379884035e-19,0.0,2.710505431213761e-20,-1.4210854715202004e-14,0.0,0.0,0.0,-1.4210854715202004e-14,5.551115123125783e-17,2.8421709430404014e-14,4.440892098500626e-16,0.0,1.4551915228366852e-11,-1.4210854715202004e-14,7.105427357601002e-15,3.469446951953614e-18,-0.6278220957736403,27465.0,0.0
176,2020-07-16,2.118632767118278,-0.3681485535052029,1.3437690149804424,-1.4551915228366852e-11,0.0,5.684341886080803e-14,-1.1368683772161605e-13,0.0,2.8421709430404014e-14,-8.673617379884035e-19,0.0,2.710505431213761e-20,-1.4210854715202004e-14,0.0,0.0,0.0,-1.4210854715202004e-14,5.551115123125783e-17,2.8421709430404014e-14,4.440892098500626e-16,0.0,1.4551915228366852e-11,-1.4210854715202004e-14,7.105427357601002e-15,3.469446951953614e-18,-0.6278220957736403,31903.0,0.0
177,2020-07-17,2.098220337563297,-0.5131783498981548,1.455327758943372,-1.4551915228366852e-11,0.0,5.684341886080803e-14,-1.1368683772161605e-13,0.0,2.8421709430404014e-14,-8.673617379884035e-19,0.0,2.710505431213761e-20,-1.4210854715202004e-14,0.0,0.0,0.0,-1.4210854715202004e-14,5.551115123125783e-17,2.8421709430404014e-14,4.440892098500626e-16,0.0,1.4551915228366852e-11,-1.4210854715202004e-14,7.105427357601002e-15,3.469446951953614e-18,-0.6278220957736403,29104.0,0.0
178,2020-07-18,1.9430880574948333,-0.4360875554459258,1.4774589190138565,-1.4551915228366852e-11,0.0,5.684341886080803e-14,-1.1368683772161605e-13,0.0,2.8421709430404014e-14,-8.673617379884035e-19,0.0,2.710505431213761e-20,-1.4210854715202004e-14,0.0,0.0,0.0,-1.4210854715202004e-14,5.551115123125783e-17,2.8421709430404014e-14,4.440892098500626e-16,0.0,1.4551915228366852e-11,-1.4210854715202004e-14,7.105427357601002e-15,3.469446951953614e-18,1.5928079096479393,27310.0,0.0
179,2020-07-19,1.7344826685875898,-0.6737302725144224,1.526405662627896,-1.4551915228366852e-11,0.0,5.684341886080803e-14,-1.1368683772161605e-13,0.0,2.8421709430404014e-14,-8.673617379884035e-19,0.0,2.710505431213761e-20,-1.4210854715202004e-14,0.0,0.0,0.0,-1.4210854715202004e-14,5.551115123125783e-17,2.8421709430404014e-14,4.440892098500626e-16,0.0,1.4551915228366852e-11,-1.4210854715202004e-14,7.105427357601002e-15,3.469446951953614e-18,1.5928079096479393,29985.0,0.0
180,2020-07-20,1.5932116457091552,-0.7183037821417586,1.5761079543851344,-1.4551915228366852e-11,0.0,5.684341886080803e-14,-1.1368683772161605e-13,0.0,2.8421709430404014e-14,-8.673617379884035e-19,0.0,2.710505431213761e-20,-1.4210854715202004e-14,0.0,0.0,0.0,-1.4210854715202004e-14,5.551115123125783e-17,2.8421709430404014e-14,4.440892098500626e-16,0.0,1.4551915228366852e-11,-1.4210854715202004e-14,7.105427357601002e-15,3.469446951953614e-18,-0.6278220957736403,25293.0,0.0
181,2020-07-21,2.001562328083885,-0.3182557935731914,1.5154631845076052,-1.4551915228366852e-11,0.0,5.684341886080803e-14,-1.1368683772161605e-13,0.0,2.8421709430404014e-14,-8.673617379884035e-19,0.0,2.710505431213761e-20,-1.4210854715202004e-14,0.0,0.0,0.0,-1.4210854715202004e-14,5.551115123125783e-17,2.8421709430404014e-14,4.440892098500626e-16,0.0,1.4551915228366852e-11,-1.4210854715202004e-14,7.105427357601002e-15,3.469446951953614e-18,-0.6278220957736403,26737.0,0.0
182,2020-07-22,1.9516779969926348,-0.0029376398474343,1.4491307508175677,-1.4551915228366852e-11,0.0,5.684341886080803e-14,-1.1368683772161605e-13,0.0,2.8421709430404014e-14,-8.673617379884035e-19,0.0,2.710505431213761e-20,-1.4210854715202004e-14,0.0,0.0,0.0,-1.4210854715202004e-14,5.551115123125783e-17,2.8421709430404014e-14,4.440892098500626e-16,0.0,1.4551915228366852e-11,-1.4210854715202004e-14,7.105427357601002e-15,3.469446951953614e-18,-0.6278220957736403,26416.0,0.0
183,2020-07-23,1.921882636509152,0.1840407480517296,1.3905977016454631,-1.4551915228366852e-11,0.0,5.684341886080803e-14,-1.1368683772161605e-13,0.0,2.8421709430404014e-14,-8.673617379884035e-19,0.0,2.710505431213761e-20,-1.4210854715202004e-14,0.0,0.0,0.0,-1.4210854715202004e-14,5.551115123125783e-17,2.8421709430404014e-14,4.440892098500626e-16,0.0,1.4551915228366852e-11,-1.4210854715202004e-14,7.105427357601002e-15,3.469446951953614e-18,-0.6278220957736403,29477.0,0.0
184,2020-07-24,2.702222613474285,0.4552306309579397,1.337162430493448,-1.4551915228366852e-11,0.0,5.684341886080803e-14,-1.1368683772161605e-13,0.0,2.8421709430404014e-14,-8.673617379884035e-19,0.0,2.710505431213761e-20,-1.4210854715202004e-14,0.0,0.0,0.0,-1.4210854715202004e-14,5.551115123125783e-17,2.8421709430404014e-14,4.440892098500626e-16,0.0,1.4551915228366852e-11,-1.4210854715202004e-14,7.105427357601002e-15,3.469446951953614e-18,-0.6278220957736403,32250.0,0.0
185,2020-07-25,1.6865875881762162,0.0055730069658757,1.320820184046141,-1.4551915228366852e-11,0.0,5.684341886080803e-14,-1.1368683772161605e-13,0.0,2.8421709430404014e-14,-8.673617379884035e-19,0.0,2.710505431213761e-20,-1.4210854715202004e-14,0.0,0.0,0.0,-1.4210854715202004e-14,5.551115123125783e-17,2.8421709430404014e-14,4.440892098500626e-16,0.0,1.4551915228366852e-11,-1.4210854715202004e-14,7.105427357601002e-15,3.469446951953614e-18,1.5928079096479393,28828.0,0.0
186,2020-07-26,2.266177233315137,0.0338092600889626,1.3331884896784276,-1.4551915228366852e-11,0.0,5.684341886080803e-14,-1.1368683772161605e-13,0.0,2.8421709430404014e-14,-8.673617379884035e-19,0.0,2.710505431213761e-20,-1.4210854715202004e-14,0.0,0.0,0.0,-1.4210854715202004e-14,5.551115123125783e-17,2.8421709430404014e-14,4.440892098500626e-16,0.0,1.4551915228366852e-11,-1.4210854715202004e-14,7.105427357601002e-15,3.469446951953614e-18,1.5928079096479393,26039.0,0.0
187,2020-07-27,1.6830819689423548,-0.2042232754236558,1.3657341317584566,-1.4551915228366852e-11,0.0,5.684341886080803e-14,-1.1368683772161605e-13,0.0,2.8421709430404014e-14,-8.673617379884035e-19,0.0,2.710505431213761e-20,-1.4210854715202004e-14,0.0,0.0,0.0,-1.4210854715202004e-14,5.551115123125783e-17,2.8421709430404014e-14,4.440892098500626e-16,0.0,1.4551915228366852e-11,-1.4210854715202004e-14,7.105427357601002e-15,3.469446951953614e-18,-0.6278220957736403,25366.0,0.0
188,2020-07-28,1.7656752668646694,0.0179530469102013,1.363988964346714,-1.4551915228366852e-11,0.0,5.684341886080803e-14,-1.1368683772161605e-13,0.0,2.8421709430404014e-14,-8.673617379884035e-19,0.0,2.710505431213761e-20,-1.4210854715202004e-14,0.0,0.0,0.0,-1.4210854715202004e-14,5.551115123125783e-17,2.8421709430404014e-14,4.440892098500626e-16,0.0,1.4551915228366852e-11,-1.4210854715202004e-14,7.105427357601002e-15,3.469446951953614e-18,-0.6278220957736403,25758.0,0.0
189,2020-07-29,2.131121253467944,0.265800289272378,1.3332053549904532,-1.4551915228366852e-11,0.0,5.684341886080803e-14,-1.1368683772161605e-13,0.0,2.8421709430404014e-14,-8.673617379884035e-19,0.0,2.710505431213761e-20,-1.4210854715202004e-14,0.0,0.0,0.0,-1.4210854715202004e-14,5.551115123125783e-17,2.8421709430404014e-14,4.440892098500626e-16,0.0,1.4551915228366852e-11,-1.4210854715202004e-14,7.105427357601002e-15,3.469446951953614e-18,-0.6278220957736403,24859.0,0.0
190,2020-07-30,2.198081624640181,0.2639486265162039,1.3546690627565148,-1.4551915228366852e-11,0.0,5.684341886080803e-14,-1.1368683772161605e-13,0.0,2.8421709430404014e-14,-8.673617379884035e-19,0.0,2.710505431213761e-20,-1.4210854715202004e-14,0.0,0.0,0.0,-1.4210854715202004e-14,5.551115123125783e-17,2.8421709430404014e-14,4.440892098500626e-16,0.0,1.4551915228366852e-11,-1.4210854715202004e-14,7.105427357601002e-15,3.469446951953614e-18,-0.6278220957736403,30545.0,0.0
